GEO2010,1970,1980,1990,2000,2010,seqC1,seqC2
06059062641,5,7,5,9,10,4,4
06059062643,6,5,6,6,10,5,4
06059099251,5,1,1,1,1,2,7
06059099305,1,1,1,1,1,1,7
06059099306,1,1,1,1,10,2,7
06059076208,9,9,9,3,4,3,5
06059011601,1,1,10,10,9,3,7
06059011602,1,3,4,4,9,5,2
06059011200,3,3,3,1,6,3,5
06059086602,1,1,1,1,6,2,7
06059001103,1,1,1,1,3,2,7
06059089104,10,4,10,10,10,3,9
06059086902,9,1,3,1,1,5,1
06059110402,1,1,1,1,9,2,7
06059088602,3,3,1,1,7,3,7
06059011722,4,1,1,5,6,5,2
06059042107,5,5,5,1,7,3,4
06059042108,5,5,5,1,6,3,4
06059042109,9,9,5,9,6,5,1
06059042111,5,5,9,9,3,3,1
06059042113,9,9,6,6,7,3,3
06059062701,6,7,6,6,3,5,4
06059062702,6,7,6,6,1,5,4
06059062800,5,5,5,5,1,2,4
06059062900,5,6,6,6,3,3,4
06059063004,5,7,5,7,3,4,4
06059063005,5,5,5,5,1,2,4
06059063006,5,5,5,5,3,2,4
06059063007,6,9,6,6,1,5,4
06059063009,5,5,6,6,1,3,4
06059099309,1,9,6,6,10,5,4
06059099311,1,1,5,5,5,2,1
06059099402,1,1,10,10,5,3,7
06059099404,5,9,9,3,5,5,1
06059086601,1,1,1,4,3,3,7
06059076205,9,9,3,3,3,2,5
06059075812,9,9,9,3,1,3,5
06059011503,1,7,1,3,9,4,1
06059011402,9,6,6,6,9,3,4
06059086304,9,9,1,1,10,3,7
06059011711,1,1,1,1,9,2,7
06059110108,9,9,9,3,3,2,5
06059110006,9,3,6,6,9,5,4
06059075302,3,3,3,4,10,3,5
06059001102,9,3,3,3,3,2,5
06059042114,9,9,6,6,10,3,3
06059042201,5,5,5,6,7,3,4
06059042203,5,5,5,9,9,2,4
06059042205,5,5,9,9,6,3,1
06059063010,5,5,5,5,10,2,4
06059063102,1,1,1,1,3,2,7
06059063103,9,9,6,6,6,2,3
06059063201,1,1,1,1,9,2,7
06059099406,9,9,9,3,9,3,5
06059099407,9,9,9,3,1,3,5
06059099408,9,9,9,3,1,3,5
06059099410,1,1,1,1,9,2,7
06059099411,1,1,1,1,3,2,7
06059021905,5,9,9,9,6,3,1
06059021920,5,9,9,9,9,2,1
06059089107,9,9,3,3,4,3,5
06059086301,9,9,3,3,4,3,5
06059087200,3,3,1,1,3,3,7
06059086501,3,3,4,4,3,3,7
06059086402,9,9,3,3,3,2,5
06059110004,9,9,9,3,9,3,5
06059110012,9,9,6,6,3,3,3
06059110005,9,9,3,3,9,3,5
06059086702,1,1,1,1,3,2,7
06059110104,9,9,9,3,1,3,5
06059063202,1,1,1,6,6,2,7
06059063301,1,1,1,7,9,3,7
06059063302,1,1,1,6,3,3,7
06059063400,6,6,6,6,6,1,3
06059063500,5,5,5,5,6,2,4
06059011504,1,7,1,1,9,5,2
06059011300,7,1,3,1,9,4,1
06059011401,6,3,6,3,9,4,1
06059087405,1,1,10,10,9,3,7
06059087403,1,1,10,4,1,5,7
06059011502,1,1,1,1,9,2,7
06059011403,1,1,1,1,5,2,7
06059075811,9,9,9,3,3,2,5
06059110603,1,1,10,10,9,3,7
06059110116,9,9,9,9,9,1,5
06059110102,9,9,9,3,9,3,5
06059021802,5,9,9,9,5,3,1
06059087701,9,3,3,3,4,3,5
06059087103,9,3,3,3,3,2,5
06059087102,1,1,10,1,3,5,7
06059052420,6,9,9,9,6,3,1
06059052421,1,9,9,9,6,3,1
06059052424,1,5,9,9,7,5,1
06059052502,5,9,9,9,6,3,1
06059063601,9,9,9,9,1,2,5
06059063604,1,1,1,1,3,2,7
06059063605,1,1,1,1,3,2,7
06059063701,1,1,1,10,6,3,7
06059063702,1,1,1,1,6,2,7
06059099412,5,1,9,9,9,3,1
06059099413,5,1,7,1,6,4,1
06059099415,5,9,9,9,9,2,1
06059099416,5,1,1,1,9,3,7
06059076000,7,1,1,1,4,3,7
06059076101,9,9,3,3,10,3,5
06059086306,9,9,9,1,4,3,5
06059076204,1,1,1,4,4,2,7
06059099902,4,9,3,3,9,5,1
06059110203,9,9,9,3,5,3,5
06059087704,9,9,3,3,1,3,5
06059087601,1,1,1,1,4,2,7
06059087504,1,1,10,10,3,3,7
06059052525,1,9,9,9,4,3,1
06059087505,1,1,4,4,6,3,7
06059990100,5,5,5,5,7,2,4
06059980000,1,1,4,4,7,3,7
06059074103,3,3,4,4,4,2,10
06059063802,9,9,6,6,3,3,3
06059063803,9,9,9,9,3,2,5
06059063805,9,9,9,6,9,3,5
06059063806,9,9,6,6,9,3,3
06059063807,1,1,1,1,3,2,7
06059099508,9,1,1,1,1,2,7
06059099511,7,7,7,7,9,2,6
06059099513,9,5,6,6,9,5,4
06059099514,9,5,6,6,3,5,4
06059099601,1,4,4,1,1,3,2
06059086305,9,9,3,3,4,3,5
06059076206,9,3,3,3,4,3,5
06059087404,1,1,10,4,3,5,7
06059086407,5,1,9,1,1,5,4
06059021915,5,9,9,6,9,5,1
06059021821,9,9,9,9,6,2,5
06059076202,9,9,9,3,4,3,5
06059110001,9,9,3,3,9,3,5
06059011709,9,9,9,3,9,3,5
06059110008,9,9,6,6,9,3,3
06059088002,9,3,3,3,3,2,5
06059088801,1,1,1,1,6,2,7
06059074003,5,4,4,4,3,3,10
06059074004,5,1,9,9,4,5,1
06059074111,9,9,9,3,4,3,5
06059074702,3,4,4,4,10,3,10
06059021913,9,9,9,9,9,1,5
06059021914,9,9,9,9,9,1,5
06059021917,9,9,9,6,6,2,5
06059021918,9,9,9,9,9,1,5
06059063808,1,1,1,1,9,2,7
06059063902,9,1,1,1,1,2,7
06059063903,9,9,9,3,1,3,5
06059063904,9,9,9,3,1,3,5
06059063905,9,1,1,1,1,2,7
06059063906,1,1,1,1,1,1,7
06059063907,9,9,1,9,4,5,1
06059099602,9,9,9,3,9,3,5
06059099603,9,9,9,3,9,3,5
06059099604,9,9,9,3,9,3,5
06059099701,9,3,4,3,1,4,1
06059086404,3,9,3,4,4,5,1
06059075813,9,9,9,9,4,2,5
06059021903,5,9,9,9,9,2,1
06059087401,3,3,3,3,6,2,5
06059088702,1,1,4,4,7,3,7
06059089105,10,4,4,4,4,2,10
06059088107,1,1,1,4,1,3,7
06059089102,9,3,9,9,4,5,1
06059087002,9,1,1,1,6,3,7
06059087805,1,1,1,1,6,2,7
06059087101,5,1,5,1,3,4,1
06059099502,7,7,7,5,9,3,6
06059088601,1,1,1,1,7,2,7
06059074005,1,9,4,4,1,5,2
06059074006,1,5,1,1,3,5,2
06059074107,5,1,7,1,1,5,4
06059074200,3,3,4,4,4,2,10
06059074300,3,4,4,4,1,3,10
06059063908,9,1,1,1,3,3,7
06059074102,9,9,4,4,3,3,7
06059074106,1,9,1,1,1,3,2
06059074108,9,4,4,4,3,3,10
06059074109,9,4,4,4,1,3,10
06059074110,9,4,9,9,4,5,1
06059099702,9,9,3,3,9,3,5
06059099703,9,9,9,3,7,3,5
06059099802,1,4,1,1,9,5,2
06059099803,1,4,4,1,9,5,2
06059001404,3,9,3,4,9,4,1
06059011720,4,1,10,4,9,4,2
06059001801,1,10,1,1,9,5,2
06059011712,1,1,1,1,9,2,7
06059089106,9,9,3,1,4,5,1
06059086801,3,9,3,3,1,5,1
06059086802,9,9,1,4,3,5,1
06059110003,9,9,3,3,9,3,5
06059110007,9,9,6,6,1,3,3
06059074403,1,10,10,10,1,3,9
06059074405,1,10,10,10,4,3,9
06059074406,1,10,4,10,4,4,2
06059074407,1,1,1,10,10,2,7
06059074408,1,1,1,10,1,3,7
06059074501,10,10,10,4,4,2,9
06059042206,5,5,9,6,6,3,4
06059042310,5,5,9,9,9,2,1
06059042311,5,9,9,6,9,5,1
06059042312,5,9,9,9,9,2,1
06059074701,4,4,4,4,1,2,10
06059074802,4,4,4,4,1,2,10
06059074803,9,4,4,4,4,2,10
06059074805,10,4,10,4,1,4,2
06059074806,10,4,4,4,1,3,10
06059088802,1,1,9,4,6,5,7
06059075201,4,4,4,4,3,2,10
06059089004,4,9,4,4,3,5,2
06059088502,9,1,3,4,1,4,1
06059088501,1,1,1,4,5,3,7
06059076103,1,1,1,1,4,2,7
06059088402,1,1,1,1,4,2,7
06059011708,9,5,1,1,9,5,2
06059001705,6,9,9,9,1,3,1
06059001602,9,9,6,6,3,3,3
06059088302,3,3,3,3,1,2,5
06059021810,9,9,9,9,9,1,5
06059110115,9,9,9,3,3,2,5
06059001101,9,9,3,3,9,3,5
06059086303,5,1,1,1,4,3,7
06059076102,1,1,1,1,4,2,7
06059099903,9,9,4,4,9,3,7
06059099512,7,7,7,5,9,3,6
06059099510,7,7,7,7,9,2,6
06059074502,1,4,4,4,4,2,10
06059074601,3,3,4,4,3,3,7
06059074602,3,4,4,4,4,2,10
06059074801,4,4,4,4,1,2,10
06059074901,4,4,4,4,10,2,10
06059074902,4,4,4,4,4,1,10
06059042315,5,9,9,9,1,3,1
06059042324,5,9,5,6,6,5,4
06059042326,5,9,5,9,6,4,4
06059088901,9,9,4,4,4,2,10
06059088903,9,6,4,4,3,5,2
06059088905,9,9,4,3,3,3,1
06059099202,9,9,9,4,10,3,5
06059011721,4,1,1,1,6,3,7
06059021916,9,9,9,9,6,2,5
06059087106,1,1,1,1,3,2,7
06059001503,9,3,3,3,3,2,5
06059088403,9,9,9,9,6,2,5
06059110111,9,9,9,3,3,2,5
06059087300,1,10,10,10,6,3,9
06059110301,9,9,9,3,5,3,5
06059110110,9,9,1,1,3,3,7
06059099509,7,7,7,7,1,2,6
06059088201,9,3,3,3,1,3,5
06059086803,1,1,1,1,3,2,7
06059088106,1,1,1,1,9,2,7
06059087902,4,4,4,4,7,2,10
06059087803,1,10,10,10,7,3,9
06059075002,10,10,10,10,1,2,9
06059075003,7,1,10,10,4,5,2
06059075004,7,1,10,10,1,5,2
06059075100,3,3,1,1,10,3,7
06059075202,3,4,4,4,4,2,10
06059075303,6,6,3,3,1,3,3
06059042332,5,5,9,9,6,3,1
06059099204,9,9,9,3,3,2,5
06059099212,9,1,1,1,3,3,7
06059099214,9,9,9,3,3,2,5
06059087503,1,1,1,1,6,2,7
06059088401,9,9,3,3,1,3,5
06059099504,9,9,6,6,9,3,3
06059110304,9,9,3,3,9,3,5
06059011718,9,9,9,3,9,3,5
06059110605,9,9,9,9,9,1,5
06059087802,4,1,1,1,1,2,7
06059088203,1,9,1,1,1,3,2
06059088104,3,9,1,1,3,5,2
06059088105,3,9,3,3,3,3,5
06059075301,5,1,1,1,10,3,7
06059075401,3,3,3,3,10,2,5
06059075403,5,1,1,1,4,3,7
06059075404,5,1,1,1,1,2,7
06059075405,5,1,3,3,1,5,1
06059075504,1,9,9,3,4,5,1
06059075505,1,1,1,1,4,2,7
06059042338,5,5,5,9,5,3,4
06059099220,9,9,5,9,6,5,1
06059099224,9,9,9,3,3,2,5
06059099225,9,9,9,3,6,3,5
06059001402,9,9,9,3,9,3,5
06059001202,3,1,4,4,6,5,2
06059001505,9,9,9,3,6,3,5
06059001903,3,3,3,3,9,2,5
06059088902,9,9,4,4,3,3,7
06059099904,1,1,1,1,9,2,7
06059088101,1,9,9,9,3,3,1
06059110401,9,3,3,3,9,3,5
06059110606,4,1,1,10,9,5,2
06059001802,1,1,1,1,3,2,7
06059099906,9,9,3,3,1,3,5
06059110604,9,9,9,3,9,3,5
06059110109,9,9,9,9,1,2,5
06059110201,9,6,3,3,5,5,1
06059110015,9,1,1,3,9,5,1
06059075506,9,9,3,3,3,2,5
06059075507,9,1,1,1,4,3,7
06059075512,1,1,1,1,4,2,7
06059075513,1,1,1,1,10,2,7
06059075514,1,1,10,1,1,3,1
06059075515,1,1,1,5,4,3,7
06059075604,6,9,6,6,4,5,4
06059075606,6,9,6,6,3,5,4
06059099226,9,9,9,9,1,2,5
06059099227,9,9,9,9,3,2,5
06059099229,5,9,9,9,3,3,1
06059099230,5,9,9,9,3,3,1
06059099231,9,9,9,6,3,3,5
06059088701,1,1,1,1,7,2,7
06059089003,4,9,4,4,3,5,2
06059011716,9,5,9,9,9,3,1
06059001301,9,1,1,1,6,3,7
06059001201,3,6,4,4,6,5,2
06059001303,4,1,9,9,9,3,1
06059001304,4,1,1,1,6,3,7
06059086405,9,1,4,4,3,5,2
06059086502,4,4,4,4,3,2,10
06059075809,9,9,6,6,4,3,3
06059099905,9,9,3,1,3,5,1
06059110202,1,6,1,1,5,5,2
06059110106,9,9,9,3,9,3,5
06059110014,9,1,1,1,9,3,7
06059075701,9,9,3,3,1,3,5
06059075702,9,9,6,6,3,3,3
06059075703,9,9,6,6,1,3,3
06059075805,1,9,1,1,4,5,2
06059075807,9,9,9,3,3,2,5
06059062604,6,5,5,5,4,3,4
06059062605,7,7,5,7,1,5,6
06059062611,9,7,7,1,4,5,2
06059062612,9,9,9,6,3,3,5
06059062614,7,9,7,7,3,5,2
06059099232,9,9,9,6,3,3,5
06059099235,9,9,9,9,9,1,5
06059099237,9,9,9,3,3,2,5
06059099238,9,9,9,9,3,2,5
06059001504,4,5,1,1,3,5,2
06059021825,9,6,9,9,6,5,1
06059001902,9,3,3,3,3,2,5
06059011101,9,3,3,3,6,3,5
06059001901,3,3,3,3,3,1,5
06059086701,9,9,9,3,1,3,5
06059011102,9,9,3,3,3,2,5
06059011715,9,9,9,9,9,1,5
06059021812,9,9,9,9,9,1,5
06059076201,9,9,9,3,4,3,5
06059110303,9,9,3,3,9,3,5
06059086901,1,1,1,1,3,2,7
06059088301,9,9,3,3,6,3,5
06059021809,9,9,9,3,7,3,5
06059011717,9,9,9,3,9,3,5
06059088001,9,9,3,3,10,3,5
06059087901,9,4,4,1,7,5,2
06059087703,9,9,3,3,3,2,5
06059075808,9,9,3,6,4,5,1
06059075810,9,9,6,6,4,3,3
06059075815,9,9,9,3,1,3,5
06059075816,9,9,9,1,1,2,5
06059062619,5,6,6,6,4,3,4
06059062620,5,6,6,6,4,3,4
06059062631,7,9,6,6,4,5,4
06059062632,5,7,5,6,4,4,4
06059062634,5,7,5,9,4,4,4
06059099239,9,9,9,6,3,3,5
06059099240,9,9,9,9,3,2,5
06059099241,9,9,9,1,1,2,5
06059099242,9,9,9,3,9,3,5
06059011000,3,3,3,3,9,2,5
06059021827,9,6,9,9,1,5,1
06059021814,9,9,9,9,6,2,5
06059110607,4,1,1,1,9,3,7
06059088202,9,9,3,3,3,2,5
06059087602,9,9,9,3,10,3,5
06059086406,5,1,1,1,3,3,7
06059011710,9,9,9,3,9,3,5
06059110302,9,9,3,3,9,3,5
06059087806,1,5,1,4,6,4,1
06059086903,9,1,1,1,1,2,7
06059087001,9,9,1,1,3,3,7
06059110117,9,9,9,9,5,2,5
06059021816,9,9,9,9,6,2,5
06059075902,1,1,1,1,1,1,7
06059032014,9,5,3,3,3,3,5
06059099245,9,9,9,9,3,2,5
06059099246,9,9,9,9,3,2,5
06059099247,1,1,4,4,3,3,7
06059099248,1,1,4,4,3,3,7
06059099249,1,1,4,4,3,3,7
06059099250,5,1,1,3,3,3,2
06059001401,9,9,1,3,9,5,1
06059001706,6,9,6,6,9,5,4
06059075901,1,1,1,1,1,1,7
06059001501,9,5,9,9,9,3,1
06059001601,6,9,6,6,1,5,4
06059011707,9,1,5,9,9,5,1
06059110500,1,1,1,1,9,2,7
06059110114,9,9,9,3,9,3,5
06059021829,9,6,9,9,6,5,1
06059021820,9,9,9,9,9,1,5
06059087105,1,1,1,1,1,1,7
06059032015,9,9,9,9,3,2,5
06059042103,5,5,5,6,7,3,4
06037920336,9,1,1,1,6,3,7
06037920044,9,9,9,9,4,2,5
06037573003,7,10,10,10,7,3,9
06037571704,1,1,4,4,3,3,7
06037570403,3,2,4,4,10,5,2
06037553503,4,4,4,4,3,2,10
06037552302,4,9,4,4,3,5,2
06037503104,4,4,4,4,3,2,10
06037550602,3,3,3,3,10,2,5
06037550601,3,3,3,3,4,2,5
06037550202,4,3,3,3,4,3,5
06037550201,4,3,3,3,3,2,5
06037544002,3,3,3,4,3,3,5
06037544001,3,3,3,4,4,2,10
06037543905,4,4,4,4,4,1,10
06037139504,1,7,7,7,3,3,2
06037139503,1,7,7,7,3,3,2
06037139401,6,1,6,6,3,5,4
06037137103,9,5,7,7,6,5,2
06037134905,1,1,1,1,7,2,7
06037134522,1,1,10,10,7,3,7
06037301206,3,3,6,1,7,5,1
06037301205,3,3,6,1,1,3,1
06037300301,9,3,3,3,1,3,5
06037501002,3,3,3,3,3,1,5
06037501001,3,3,3,3,3,1,5
06037500404,9,3,3,3,4,3,5
06037481606,3,1,1,1,3,3,7
06037500403,9,3,3,3,4,3,5
06037433101,4,4,4,4,3,2,10
06037911001,5,5,5,5,3,2,4
06037910813,5,5,9,9,1,3,1
06037910606,9,9,9,9,9,1,5
06037910605,9,9,9,9,9,1,5
06037135114,1,7,5,5,7,5,4
06037135113,1,7,5,5,7,5,4
06037134903,1,1,1,1,6,2,7
06037134521,1,1,10,10,7,3,7
06037131701,1,1,1,1,3,2,7
06037128801,7,7,7,7,1,2,6
06037127712,1,1,5,1,1,3,1
06037127606,1,1,10,10,3,3,7
06037127604,1,1,1,10,3,3,7
06037124903,7,7,7,7,10,2,6
06037124204,1,1,1,10,10,2,7
06037124203,1,1,1,10,10,2,7
06037124105,1,1,10,10,1,3,7
06037124103,1,1,10,10,10,2,9
06037122121,4,3,4,4,1,5,2
06037121222,4,4,4,4,4,1,10
06037121221,3,4,4,4,1,3,10
06037121101,4,4,4,4,1,2,10
06037120108,1,7,10,10,1,5,2
06037481605,3,1,1,1,3,3,7
06037124902,7,7,7,7,10,2,6
06037124104,1,1,10,10,1,3,7
06037123902,3,1,1,1,1,2,7
06037121102,3,3,3,3,1,2,5
06037106645,9,9,6,3,3,3,1
06037104204,8,8,4,4,4,2,9
06037297601,1,1,1,1,1,1,7
06037910505,4,1,4,9,1,4,2
06037910504,4,1,4,9,10,4,2
06037910002,2,4,9,9,3,5,1
06037901011,9,9,9,9,9,1,5
06037901010,9,9,9,9,9,1,5
06037900609,9,9,5,9,4,5,1
06037502802,3,3,3,3,1,2,5
06037460401,9,3,3,8,7,5,1
06037120107,7,7,10,10,1,3,7
06037120106,7,7,10,10,1,3,7
06037120104,1,1,10,10,1,3,7
06037120103,1,1,10,10,10,2,9
06037117408,1,10,10,10,3,3,9
06037117407,1,10,10,10,4,3,9
06037117201,9,9,3,1,1,3,1
06037117102,9,3,1,9,3,4,1
06037117101,9,3,1,9,10,4,1
06037405702,9,9,3,3,1,3,5
06037405701,9,9,3,3,3,2,5
06037405302,9,3,3,3,3,2,5
06037405301,9,3,3,3,4,3,5
06037576903,7,10,10,10,2,3,9
06037576302,10,10,10,10,8,2,9
06037576301,10,10,10,10,8,2,9
06037576001,7,7,5,5,8,3,6
06037408003,9,9,9,9,9,1,5
06037401304,9,9,9,9,4,2,5
06037400501,6,9,6,6,4,5,4
06037400403,9,9,9,9,4,2,5
06037302506,1,1,1,1,9,2,7
06037404504,4,4,4,4,3,2,10
06037404202,1,1,1,4,1,3,7
06037404201,1,1,1,4,1,3,7
06037650901,3,1,1,1,7,3,7
06037650401,3,3,3,3,6,2,5
06037650004,1,1,1,1,6,2,7
06037650003,1,1,1,1,6,2,7
06037621326,7,7,7,7,6,2,6
06037302505,1,1,1,1,3,2,7
06037433503,4,4,4,4,1,2,10
06037406702,9,9,3,3,4,3,5
06037900608,9,9,5,9,10,5,1
06037621204,1,1,7,7,6,3,7
06037621104,1,1,7,7,6,3,7
06037621004,1,1,6,6,1,3,3
06037620904,6,7,6,6,3,5,4
06037620305,7,7,6,6,3,3,3
06037543306,9,9,9,3,4,3,5
06037542106,4,2,2,2,3,3,8
06037542105,4,2,2,2,4,3,8
06037800506,6,5,6,6,2,5,4
06037800504,6,5,5,5,9,3,4
06037800410,5,5,5,5,9,2,4
06037800332,9,9,9,9,5,2,5
06037573601,3,3,3,3,10,2,5
06037571504,3,3,3,1,3,3,5
06037571503,3,3,3,1,3,3,5
06037570404,3,2,4,4,4,3,9
06037267404,7,7,7,7,7,1,6
06037113237,9,5,9,9,4,5,1
06037102107,3,3,3,3,9,2,5
06037102104,9,9,3,3,3,2,5
06037111205,9,9,6,6,10,3,3
06037106649,9,9,4,4,1,3,7
06037106646,9,9,3,3,6,3,5
06037106406,3,3,9,9,6,3,1
06037104203,8,8,4,4,3,3,9
06037265602,7,7,5,7,6,5,6
06037293306,9,9,1,1,3,3,7
06037276604,1,5,5,7,10,5,4
06037276603,1,5,5,7,10,5,4
06037269907,7,7,7,1,7,3,6
06037269906,7,7,7,1,1,2,6
06037267901,7,7,7,7,5,2,6
06037434004,4,4,4,4,6,2,10
06037434003,4,4,4,4,3,2,10
06037433504,4,4,4,4,7,2,10
06037402904,4,4,4,4,4,1,10
06037402903,4,4,4,4,4,1,10
06037402804,10,4,4,4,3,3,10
06037402803,10,4,4,4,3,3,10
06037402706,9,9,3,3,1,3,5
06037402705,9,9,3,3,10,3,5
06037402405,4,4,4,4,9,2,10
06037604002,4,4,1,1,3,3,7
06037604001,4,4,1,1,3,3,7
06037603802,4,4,1,10,1,5,2
06037431502,3,6,3,3,3,3,5
06037431501,3,6,3,3,3,3,5
06037430301,3,3,6,6,3,3,3
06037430003,9,9,9,3,4,3,5
06037603801,4,4,1,10,3,5,2
06037603006,1,1,1,10,7,3,7
06037603005,1,1,1,10,6,3,7
06037602802,8,8,8,8,6,2,8
06037602801,8,8,8,8,6,2,8
06037602509,4,1,10,10,9,5,2
06037602508,4,1,10,10,9,5,2
06037602302,9,6,3,3,6,5,1
06037600304,2,2,2,2,1,2,8
06037702102,1,7,7,7,9,3,2
06037702002,7,7,7,7,4,2,6
06037701902,7,7,7,5,9,3,6
06037554406,1,1,1,1,4,2,7
06037554405,1,1,1,1,4,2,7
06037554302,4,1,1,4,2,5,2
06037554301,4,1,1,4,8,5,2
06037536104,3,3,4,4,2,3,7
06037535002,2,2,2,4,8,3,8
06037535001,2,2,2,4,2,3,8
06037533806,4,4,4,4,4,1,10
06037533805,4,4,4,4,4,1,10
06037533001,4,4,4,4,4,1,10
06037102103,9,9,3,3,4,3,5
06037295103,9,9,9,5,7,3,5
06037275602,9,1,3,3,10,5,1
06037275101,4,1,1,1,1,2,7
06037554204,1,1,1,1,10,2,7
06037554203,1,1,1,1,4,2,7
06037554105,1,1,1,10,4,3,7
06037554104,1,1,1,10,10,2,7
06037553504,4,4,4,4,3,2,10
06037239801,2,2,2,2,6,2,8
06037234901,8,2,2,2,2,2,8
06037214901,7,7,7,7,10,2,6
06037214503,7,7,7,7,8,2,6
06037211922,7,7,10,10,7,3,7
06037211804,7,7,1,10,7,5,6
06037211803,7,7,1,10,10,3,1
06037211202,7,10,10,10,10,2,9
06037265201,6,7,6,6,10,5,4
06037234502,8,8,8,8,4,2,8
06037234501,8,8,8,8,4,2,8
06037219901,2,8,2,10,10,5,8
06037214902,7,7,7,7,8,2,6
06037214502,7,7,7,7,2,2,6
06037212701,7,7,7,7,1,2,6
06037211703,7,7,10,10,6,3,7
06037208301,10,10,10,10,10,1,9
06037207102,10,10,10,10,10,1,9
06037207101,10,10,10,10,10,1,9
06037402304,1,1,4,10,9,5,7
06037211121,7,7,10,10,1,3,7
06037189201,7,7,7,7,10,2,6
06037185204,4,4,4,3,7,3,10
06037185203,4,4,4,3,7,3,10
06037208501,1,10,10,10,7,3,9
06037190801,7,10,10,10,6,3,9
06037190402,7,7,10,10,10,2,9
06037190401,7,7,7,10,10,2,6
06037190201,7,7,10,7,1,5,6
06037189904,7,7,7,7,7,1,6
06037408631,9,9,3,3,6,3,5
06037402303,1,1,4,10,3,5,7
06037402002,9,9,3,3,3,2,5
06037402001,9,9,3,3,9,3,5
06037400404,9,9,6,6,4,3,3
06037400207,9,9,9,9,4,2,5
06037531504,4,4,4,4,4,1,10
06037531503,4,4,4,4,4,1,10
06037206031,2,10,10,10,10,2,9
06037186301,3,3,4,4,10,3,7
06037183104,1,1,1,1,7,2,7
06037311801,1,1,1,1,3,2,7
06037980028,9,1,7,7,6,5,2
06037980026,3,3,3,3,6,2,5
06037408505,9,5,9,3,1,4,1
06037408504,9,5,9,3,1,4,1
06037406701,9,9,3,3,3,2,5
06037408141,4,4,4,4,6,2,10
06037408140,4,4,4,4,3,2,10
06037407802,9,9,3,3,1,3,5
06037183103,1,1,1,1,1,1,7
06037127805,7,7,1,1,3,3,7
06037127605,1,1,10,10,3,3,7
06037125401,7,7,7,7,7,1,6
06037122122,4,3,4,4,1,5,2
06037120105,1,1,10,10,1,3,7
06037115103,9,1,7,1,3,4,1
06037320202,1,4,4,4,7,3,10
06037980025,9,9,9,3,6,3,5
06037980024,9,1,3,3,6,5,1
06037980023,9,9,9,9,6,2,5
06037980022,9,9,6,3,6,5,1
06037980020,9,3,3,3,6,3,5
06037407801,9,9,3,3,9,3,5
06037407602,4,4,4,4,3,2,10
06037407601,4,4,4,4,3,2,10
06037407502,4,4,4,4,3,2,10
06037407501,4,4,4,4,1,2,10
06037406902,4,9,3,3,3,3,5
06037406901,4,9,3,3,3,3,5
06037701402,7,7,7,7,5,2,6
06037320201,1,4,4,4,6,3,10
06037310602,1,1,1,1,3,2,7
06037310601,1,1,1,1,3,2,7
06037310501,4,1,4,1,7,4,2
06037310202,3,3,1,1,4,3,7
06037310201,3,3,1,1,6,3,7
06037302504,1,1,10,10,1,3,7
06037302503,1,1,10,10,3,3,7
06037302401,1,10,10,1,3,5,9
06037980015,4,9,9,5,6,5,1
06037430902,1,1,1,1,4,2,7
06037430901,1,1,1,1,9,2,7
06037408724,9,9,10,1,3,5,1
06037408723,9,9,10,1,3,5,1
06037408630,9,9,3,3,3,2,5
06037408139,4,4,4,4,3,2,10
06037408138,4,4,4,4,6,2,10
06037701304,7,7,6,6,6,2,3
06037700802,7,7,7,7,9,2,6
06037700801,7,7,7,7,6,2,6
06037700502,7,5,7,7,6,5,2
06037700501,7,5,7,7,6,5,2
06037700101,7,7,7,7,7,1,6
06037670602,6,9,6,6,1,5,4
06037302004,7,7,1,1,1,2,6
06037302003,7,7,1,1,1,2,6
06037301802,7,7,1,1,1,2,6
06037301801,7,7,1,1,6,3,7
06037503106,9,4,4,4,4,2,10
06037503105,9,4,4,4,4,2,10
06037503103,4,4,4,4,4,1,10
06037502801,3,3,3,3,4,2,5
06037502005,3,3,3,3,3,1,5
06037502004,3,3,4,4,3,3,7
06037408137,9,9,9,9,3,2,5
06037408136,9,9,9,9,1,2,5
06037408004,9,9,9,9,3,2,5
06037404503,4,4,4,4,3,2,10
06037402406,4,4,4,4,9,2,10
06037670328,6,9,6,6,7,5,4
06037670326,6,9,6,6,7,5,4
06037670324,6,6,6,6,7,2,3
06037651402,9,9,6,3,7,5,1
06037651401,9,9,6,3,7,5,1
06037651304,1,1,6,6,7,3,3
06037552002,4,4,4,4,1,2,10
06037552001,4,4,4,4,1,2,10
06037502003,3,3,4,4,3,3,7
06037501804,1,1,1,10,3,3,7
06037501803,1,1,1,10,9,3,7
06037104822,4,4,4,4,3,2,10
06037104403,4,4,4,4,3,2,10
06037265202,7,7,7,7,1,2,6
06037264102,7,7,7,7,10,2,6
06037900201,1,3,4,4,9,5,2
06037700102,7,7,7,7,1,2,6
06037920337,9,1,1,1,6,3,7
06037551502,3,3,3,3,3,1,5
06037551501,3,3,3,3,3,1,5
06037551402,9,3,3,3,10,3,5
06037551401,9,3,3,3,10,3,5
06037551102,10,1,10,10,4,5,2
06037551101,1,1,10,10,4,3,7
06037550902,1,1,1,1,4,2,7
06037550901,1,1,1,1,4,2,7
06037262704,6,6,6,6,6,1,3
06037240401,2,2,2,2,6,2,8
06037237102,2,2,2,2,2,1,8
06037211704,7,7,7,10,7,3,6
06037211122,7,7,10,10,10,2,9
06037207103,10,10,10,10,10,1,9
06037194101,7,7,6,6,4,3,3
06037192001,7,7,7,7,1,2,6
06037190202,7,7,10,7,1,5,6
06037189903,7,7,7,7,7,1,6
06037143604,7,7,7,7,3,2,6
06037141101,7,7,7,7,3,2,6
06037534803,3,4,4,4,4,2,10
06037533902,4,4,4,4,4,1,10
06037534802,3,4,4,4,4,2,10
06037534406,10,10,10,4,4,2,9
06037534405,10,10,10,4,10,3,9
06037533703,4,4,4,4,4,1,10
06037533403,4,4,4,4,4,1,10
06037533402,4,4,4,4,4,1,10
06037533300,10,4,4,4,4,2,10
06037310100,6,9,6,6,6,3,4
06037113422,9,1,1,1,3,3,7
06037503602,9,9,3,3,4,3,5
06037502302,4,4,4,4,3,2,10
06037502700,3,4,3,3,4,5,1
06037502402,3,3,3,3,1,2,5
06037543321,9,8,8,8,3,3,8
06037541500,2,2,4,4,3,3,9
06037550300,4,3,3,3,4,3,5
06037542401,8,2,8,8,3,5,8
06037543702,4,4,4,3,4,3,10
06037541100,8,8,8,8,3,2,8
06037405500,3,3,3,3,3,1,5
06037405101,3,4,4,4,3,3,10
06037206010,10,10,10,10,10,1,9
06037207710,7,10,10,10,10,2,9
06037208000,10,10,10,10,10,1,9
06037208610,7,10,10,10,1,3,9
06037208620,7,10,10,10,10,2,9
06037208710,7,7,10,10,10,2,9
06037208902,7,10,10,10,10,2,9
06037602600,9,8,8,8,9,3,8
06037219800,2,2,2,10,10,2,8
06037219010,8,8,8,8,10,2,8
06037218900,8,8,8,2,10,3,8
06037220100,8,8,8,8,4,2,8
06037219700,8,8,8,8,10,2,8
06037221220,10,10,10,10,4,2,9
06037219020,8,8,8,8,10,2,8
06037221110,10,10,10,10,4,2,9
06037221120,10,10,10,10,4,2,9
06037221302,10,10,10,10,4,2,9
06037221500,2,10,2,10,4,4,8
06037221900,10,10,10,10,4,2,9
06037221820,10,10,10,10,4,2,9
06037221810,10,10,10,10,4,2,9
06037222100,8,2,2,2,4,3,8
06037222200,2,2,2,10,10,2,8
06037222600,2,2,2,2,4,2,8
06037536103,3,3,4,4,8,3,7
06037533002,4,4,4,4,4,1,10
06037480304,7,7,1,1,1,2,6
06037125501,7,7,7,7,7,1,6
06037125402,7,7,7,7,7,1,6
06037123901,3,1,1,1,1,2,7
06037121802,3,3,4,4,3,3,7
06037121801,3,3,4,4,10,3,7
06037119202,4,4,4,4,10,2,10
06037119201,9,9,3,3,1,3,5
06037119002,9,3,3,3,4,3,5
06037119001,9,9,3,3,3,2,5
06037117202,9,9,3,1,3,5,1
06037115404,1,1,1,1,10,2,7
06037115403,1,1,1,1,10,2,7
06037900803,9,9,4,4,9,3,7
06037900805,3,3,3,3,9,2,5
06037901101,4,9,9,9,9,2,1
06037901102,4,9,9,9,9,2,1
06037920015,9,9,9,9,5,2,5
06037104401,4,4,4,4,9,2,10
06037104620,4,4,4,4,9,2,10
06037104320,2,4,4,4,3,3,10
06037530902,4,4,4,4,10,2,10
06037530801,4,4,4,4,4,1,10
06037530901,4,4,4,4,10,2,10
06037531000,4,4,4,4,4,1,10
06037531101,4,4,4,4,4,1,10
06037531102,4,4,4,4,4,1,10
06037531201,4,4,4,4,4,1,10
06037531202,4,4,4,4,4,1,10
06037482301,4,4,4,4,4,1,10
06037481103,1,1,1,3,6,3,7
06037482401,4,4,4,4,4,1,10
06037482303,4,4,4,4,3,2,10
06037482522,3,1,9,9,4,5,1
06037530005,1,1,9,3,4,5,7
06037403312,9,9,9,9,4,2,5
06037408704,9,9,9,3,3,2,5
06037408211,9,9,1,9,6,5,1
06037408212,9,9,9,9,6,2,5
06037408302,9,9,3,3,7,3,5
06037401202,9,9,3,3,4,3,5
06037403802,9,9,9,9,4,2,5
06037401603,3,9,3,3,9,5,1
06037403901,9,9,3,3,3,2,5
06037404901,4,4,4,4,4,1,10
06037405900,9,9,3,3,1,3,5
06037405002,4,4,4,4,3,2,10
06037405102,3,4,4,4,3,3,10
06037183820,10,10,10,10,7,2,9
06037185100,3,3,3,3,7,2,5
06037185202,4,4,4,1,7,3,10
06037185310,4,4,4,4,10,2,10
06037186100,3,3,3,3,7,2,5
06037183220,3,3,4,4,6,3,7
06037533202,3,4,4,4,4,2,10
06037533502,4,4,4,4,4,1,10
06037533201,3,4,4,4,4,2,10
06037533503,4,4,4,4,4,1,10
06037533702,4,4,4,4,4,1,10
06037533803,1,4,4,4,4,2,10
06037534202,4,4,4,4,4,1,10
06037534804,3,4,4,4,2,3,10
06037531602,4,4,4,4,4,1,10
06037533901,4,4,4,4,4,1,10
06037534001,4,4,4,4,4,1,10
06037502500,3,4,4,4,4,2,10
06037530400,4,4,4,4,10,2,10
06037501200,3,3,3,3,4,2,5
06037501501,7,6,3,3,4,5,1
06037501400,3,4,4,4,3,3,10
06037501300,3,3,3,3,3,1,5
06037500201,6,3,6,3,3,5,4
06037500202,6,9,6,6,3,5,4
06037501503,7,7,1,1,3,3,7
06037501504,7,7,1,1,3,3,7
06037406411,9,9,3,3,3,2,5
06037406500,9,9,3,3,3,2,5
06037406412,9,9,3,3,3,2,5
06037189702,7,7,7,7,10,2,6
06037406601,9,9,3,3,4,3,5
06037406800,3,9,3,3,3,3,5
06037400604,1,9,9,1,4,5,1
06037404501,4,4,4,4,3,2,10
06037602900,3,4,4,4,6,3,10
06037602301,4,3,3,3,7,3,5
06037603704,4,4,10,10,3,3,7
06037620001,1,1,1,3,1,3,7
06037600302,2,8,8,8,3,3,8
06037603703,4,4,10,3,3,3,1
06037603900,4,4,4,1,3,3,10
06037603600,3,3,3,3,1,2,5
06037106114,9,4,9,4,3,4,1
06037222500,2,8,2,2,4,5,8
06037187300,7,1,1,1,10,3,7
06037224010,10,10,10,10,10,1,9
06037224020,10,10,10,10,2,2,9
06037224410,10,10,10,10,2,2,9
06037181300,3,3,3,3,3,1,5
06037224320,10,10,10,10,8,2,9
06037187200,3,4,4,4,7,3,10
06037224310,10,10,10,10,2,2,9
06037115104,6,9,7,10,3,4,4
06037113102,9,9,6,6,10,3,3
06037113101,9,9,6,6,3,3,3
06037111206,9,9,6,3,3,3,1
06037109604,9,9,3,3,6,3,5
06037109603,9,3,3,3,1,3,5
06037106648,9,9,4,4,3,3,7
06037106408,9,3,4,10,3,4,2
06037106407,3,3,4,10,1,5,1
06037106405,3,3,9,9,3,3,1
06037104821,4,4,4,4,3,2,10
06037104704,2,4,4,4,3,3,10
06037104703,2,4,4,4,3,3,10
06037104404,4,4,4,4,6,2,10
06037104124,9,4,9,3,6,4,1
06037910201,9,9,9,9,3,2,5
06037910402,9,4,1,10,9,4,2
06037910403,9,4,1,10,9,4,2
06037910501,4,1,4,2,9,4,2
06037910601,9,9,9,4,9,3,5
06037910502,4,1,4,10,9,4,2
06037910401,9,4,1,9,3,4,1
06037910603,9,9,9,9,4,2,5
06037531301,4,4,4,4,4,1,10
06037531603,4,4,4,4,4,1,10
06037531701,4,4,4,4,4,1,10
06037531604,4,4,4,4,4,1,10
06037531800,4,4,4,4,4,1,10
06037531702,4,4,4,4,4,1,10
06037531902,3,4,4,4,4,2,10
06037531901,3,4,4,4,4,2,10
06037106643,9,9,6,9,3,5,1
06037482600,9,9,3,3,3,2,5
06037134306,1,1,1,1,6,2,7
06037482800,3,3,3,3,3,1,5
06037431001,1,1,1,1,4,2,7
06037460100,6,6,6,6,3,2,3
06037432401,3,4,4,4,3,3,10
06037408629,9,5,9,9,3,5,1
06037404703,4,4,4,4,4,1,10
06037121900,3,3,4,4,10,3,7
06037122410,4,1,10,10,7,5,2
06037123010,4,4,4,4,7,2,10
06037122420,4,1,10,1,7,4,2
06037123020,4,4,4,4,7,2,10
06037123205,10,10,10,10,7,2,9
06037123203,10,10,10,10,1,2,9
06037123204,10,10,10,10,7,2,9
06037123520,1,1,1,1,10,2,7
06037123304,1,1,1,1,10,2,7
06037123303,1,1,1,1,7,2,7
06037123410,1,1,1,10,10,2,7
06037123301,1,5,1,1,7,5,2
06037900300,3,4,3,3,9,5,1
06037301203,7,7,7,7,1,2,6
06037700400,7,7,7,7,8,2,6
06037127220,1,1,1,10,1,3,7
06037702400,1,1,1,3,9,3,7
06037702801,1,1,7,1,4,5,7
06037186401,3,4,10,10,10,3,9
06037187102,3,3,3,3,10,2,5
06037189300,6,6,6,6,10,2,3
06037123420,1,1,1,10,10,2,7
06037189902,7,7,7,7,7,1,6
06037190301,7,7,7,7,10,2,6
06037190520,7,10,10,10,7,3,9
06037199700,4,4,4,10,4,3,10
06037190902,7,10,10,10,7,3,9
06037191110,7,10,10,10,6,3,9
06037191201,7,10,10,7,6,5,9
06037191204,7,10,10,10,7,3,9
06037535804,1,4,4,4,4,2,10
06037535803,1,4,4,4,4,2,10
06037535502,1,4,4,4,4,2,10
06037535701,3,4,4,4,4,2,10
06037535603,4,4,4,10,4,3,10
06037535501,1,4,4,10,8,5,2
06037535503,1,4,4,4,4,2,10
06037535604,4,4,4,4,4,1,10
06037535606,4,4,4,4,10,2,10
06037535902,3,3,4,3,4,5,1
06037535702,3,4,4,4,4,2,10
06037535901,3,3,4,4,4,2,10
06037551800,9,1,3,3,4,5,1
06037501700,6,3,3,3,3,2,5
06037190100,7,7,7,7,7,1,6
06037407200,4,4,3,4,3,5,2
06037407701,4,4,4,4,3,2,10
06037407702,4,4,4,3,3,2,10
06037402101,2,2,4,4,9,3,9
06037408135,4,9,9,9,3,3,1
06037408133,4,9,9,9,10,3,1
06037408202,4,4,4,4,6,2,10
06037407102,4,4,4,4,1,2,10
06037407302,4,4,3,3,3,2,10
06037407301,4,4,3,3,3,2,10
06037604100,4,4,4,4,1,2,10
06037601502,1,4,10,4,3,4,2
06037603101,1,1,1,1,6,2,7
06037603102,1,1,1,1,7,2,7
06037603200,9,3,3,3,6,3,5
06037603301,1,1,1,1,7,2,7
06037603302,1,1,1,3,7,3,7
06037603702,3,3,3,3,1,2,5
06037224420,10,10,10,10,10,1,9
06037224600,2,10,10,4,10,5,9
06037224700,7,10,5,10,4,4,2
06037226410,2,4,4,4,2,3,10
06037226420,2,4,4,4,2,3,10
06037226700,2,2,4,4,8,3,9
06037227010,2,2,4,4,8,3,9
06037650102,9,3,3,3,6,3,5
06037650200,9,3,3,3,6,3,5
06037650602,1,1,7,1,7,5,7
06037650502,9,9,3,3,7,3,5
06037650501,9,3,3,3,7,3,5
06037297202,4,1,1,1,7,3,7
06037297201,4,1,1,1,7,3,7
06037296902,1,1,1,1,3,2,7
06037296901,1,1,1,1,1,1,7
06037296402,3,3,3,3,6,2,5
06037296401,3,3,3,3,6,2,5
06037294302,4,4,4,4,3,2,10
06037102105,9,9,3,3,9,3,5
06037201602,4,4,4,3,10,3,10
06037201601,4,4,4,3,10,3,10
06037195903,7,1,1,1,4,3,7
06037195902,7,1,1,1,10,3,7
06037195901,7,1,1,1,10,3,7
06037195804,1,10,10,10,4,3,9
06037195803,1,10,10,10,10,2,9
06037195202,7,7,7,7,4,2,6
06037195201,7,7,7,7,1,2,6
06037910404,9,4,1,9,9,5,1
06037910602,9,9,9,5,9,3,5
06037269000,6,6,6,6,7,2,3
06037269500,6,6,6,6,6,1,3
06037269300,6,6,6,6,7,2,3
06037269700,1,1,1,1,7,2,7
06037269800,1,7,7,7,7,2,6
06037270100,7,7,7,7,6,2,6
06037480802,3,3,3,3,4,2,5
06037480901,1,1,1,1,4,2,7
06037531302,4,4,4,4,4,1,10
06037481001,7,1,1,1,3,3,7
06037481002,7,1,1,1,3,3,7
06037481102,1,1,1,1,3,2,7
06037480803,3,3,1,3,3,3,1
06037481902,3,1,1,1,3,3,7
06037430502,3,6,6,6,3,3,4
06037432300,3,6,3,3,8,5,1
06037432500,3,6,3,3,8,5,1
06037432602,3,3,4,4,6,3,7
06037432700,4,4,4,4,6,2,10
06037432801,1,10,10,4,6,5,9
06037432902,3,3,3,3,8,2,5
06037123510,1,1,1,1,10,2,7
06037123602,1,1,7,1,1,3,1
06037123700,3,3,3,3,10,2,5
06037123800,1,1,7,1,10,5,7
06037123601,1,1,1,1,1,1,7
06037124300,1,1,10,1,1,3,1
06037124500,1,1,6,6,10,3,3
06037127300,1,1,1,1,3,2,7
06037127400,1,1,1,1,1,1,7
06037127920,1,1,1,1,3,2,7
06037127910,1,1,1,10,3,3,7
06037128210,1,1,1,10,1,3,7
06037128400,1,3,1,3,3,5,1
06037134104,3,9,9,1,6,5,1
06037131400,1,1,1,1,10,2,7
06037131800,1,3,3,1,10,5,1
06037132300,3,1,1,5,7,5,2
06037702802,1,3,7,3,4,4,1
06037702502,3,1,7,7,4,5,2
06037702700,3,3,6,6,4,3,3
06037702803,4,1,1,1,4,3,7
06037127210,1,1,1,1,3,2,7
06037181000,3,3,6,3,3,3,1
06037191620,7,10,10,1,1,3,9
06037191720,7,10,10,10,7,3,9
06037191420,10,10,10,10,10,1,9
06037191500,7,10,1,10,1,4,2
06037191810,10,10,10,10,1,2,9
06037191410,10,10,10,10,10,1,9
06037191820,10,10,10,10,4,2,9
06037191610,7,10,10,10,7,3,9
06037192300,7,7,7,7,10,2,6
06037194200,7,7,6,6,4,3,3
06037201120,4,4,4,4,10,2,10
06037201504,4,4,4,4,10,2,10
06037104103,9,4,9,3,4,4,1
06037262301,6,6,6,6,7,2,3
06037400304,9,9,9,9,4,2,5
06037460800,6,6,6,6,7,2,3
06037535802,1,4,4,4,4,2,10
06037482521,3,1,3,3,3,3,5
06037540101,3,4,4,4,2,3,10
06037536102,3,3,3,3,2,2,5
06037536000,1,4,4,4,4,2,10
06037124201,3,3,3,3,1,2,5
06037535605,4,4,4,4,4,1,10
06037402102,9,9,4,4,9,3,7
06037402200,3,3,3,3,3,1,5
06037402301,1,4,4,4,3,3,10
06037403721,9,9,3,3,3,2,5
06037402702,1,1,10,10,3,3,7
06037402703,9,9,3,4,3,5,1
06037402600,3,3,1,4,3,5,1
06037402501,4,10,4,4,3,5,2
06037407101,4,4,4,4,3,2,10
06037189701,6,7,5,5,10,5,4
06037189600,7,7,7,7,10,2,6
06037189500,7,7,7,7,1,2,6
06037701202,7,7,7,7,3,2,6
06037700902,7,7,7,7,6,2,6
06037311600,7,7,7,7,3,2,6
06037700901,6,6,6,6,6,1,3
06037189400,7,7,6,7,7,3,6
06037702501,3,1,7,6,4,4,1
06037106112,9,9,3,3,3,2,5
06037555212,4,4,4,4,1,2,10
06037555103,9,9,9,1,4,3,5
06037555102,4,4,4,1,4,3,10
06037541400,2,2,2,2,3,2,8
06037555001,4,9,9,3,2,5,1
06037570100,9,3,3,3,4,3,5
06037570002,3,3,3,3,3,1,5
06037650603,9,9,6,3,7,5,1
06037650702,9,9,3,3,6,3,5
06037650800,1,3,9,9,6,5,1
06037650701,9,3,3,3,7,3,5
06037670001,3,3,3,3,6,2,5
06037651221,1,1,1,1,7,2,7
06037650902,4,1,1,1,7,3,7
06037651201,9,3,3,6,6,3,5
06037294301,4,4,4,4,6,2,10
06037293307,9,9,1,1,10,3,7
06037278102,6,7,6,6,3,5,4
06037980009,7,7,7,7,6,2,6
06037980008,1,1,1,1,6,2,7
06037980005,3,3,3,3,6,2,5
06037194402,7,7,7,7,4,2,6
06037194401,7,7,7,7,3,2,6
06037194102,7,7,6,6,10,3,3
06037192002,7,7,7,7,10,2,6
06037191902,7,7,7,7,7,1,6
06037191901,7,7,7,7,1,2,6
06037191302,7,10,10,10,1,3,9
06037191301,7,10,10,10,6,3,9
06037190802,7,10,10,10,6,3,9
06037189905,7,7,7,7,7,1,6
06037189202,7,7,7,7,10,2,6
06037189102,7,7,7,7,10,2,6
06037189101,7,7,7,7,10,2,6
06037270200,1,1,1,1,1,1,7
06037270300,8,8,8,8,10,2,8
06037271100,3,3,6,7,1,5,1
06037271400,9,3,6,6,10,5,4
06037271600,6,7,6,6,6,3,4
06037271500,6,6,6,6,6,1,3
06037271300,3,3,7,7,6,3,7
06037271200,3,1,7,7,3,5,2
06037271701,7,7,7,7,6,2,6
06037271801,1,7,7,7,7,2,6
06037271702,7,7,7,7,7,1,6
06037464200,6,6,6,6,1,2,3
06037139502,1,7,6,6,3,5,4
06037530204,3,1,1,4,4,3,2
06037530004,9,3,3,3,4,3,5
06037530202,3,3,3,3,4,2,5
06037530203,3,1,1,4,4,3,2
06037432601,3,3,4,4,6,3,7
06037432802,1,10,10,10,6,3,9
06037433401,4,4,4,4,10,2,10
06037433901,4,4,4,4,6,2,10
06037134303,9,9,3,3,6,3,5
06037433602,4,4,4,3,1,3,10
06037434001,4,4,4,4,1,2,10
06037433403,4,4,4,4,10,2,10
06037133000,3,3,3,3,6,2,5
06037132700,9,3,3,3,3,2,5
06037131900,3,3,3,3,1,2,5
06037133100,1,1,1,1,1,1,7
06037134101,9,9,9,3,6,3,5
06037134103,3,9,9,3,6,5,1
06037131300,9,9,3,3,10,3,5
06037134201,9,9,3,3,6,3,5
06037131100,9,3,3,3,10,3,5
06037131010,1,1,1,1,3,2,7
06037134304,1,1,1,3,1,3,7
06037134302,9,9,3,3,6,3,5
06037134305,1,1,1,10,1,3,7
06037134422,9,9,9,3,1,3,5
06037703002,6,9,6,8,1,4,4
06037231300,2,2,2,2,8,2,8
06037228710,2,2,2,2,8,2,8
06037228720,2,2,2,2,8,2,8
06037229100,2,2,2,4,8,3,8
06037229300,2,2,2,2,2,1,8
06037229410,2,2,2,4,8,3,8
06037229420,2,2,2,2,8,2,8
06037231800,2,2,2,10,8,3,8
06037231100,2,10,2,10,2,4,8
06037231900,8,2,2,2,8,3,8
06037231210,2,2,2,2,2,1,8
06037231720,2,2,10,2,8,5,8
06037232400,8,8,8,8,8,1,8
06037232300,8,8,8,2,2,2,8
06037232200,8,2,2,2,10,3,8
06037232110,2,2,2,2,10,2,8
06037125320,1,1,10,10,7,3,7
06037277200,1,1,1,10,10,2,7
06037291110,4,4,4,8,3,3,10
06037703001,6,7,7,7,10,3,2
06037231600,2,8,2,2,4,5,8
06037291120,4,4,4,2,4,3,10
06037125310,1,1,10,1,1,3,1
06037291130,4,4,4,3,1,3,10
06037124600,1,7,6,6,10,5,4
06037540400,2,2,2,4,8,3,8
06037535607,4,4,4,4,4,1,10
06037124000,6,7,6,6,1,5,4
06037532700,4,4,4,4,4,1,10
06037540502,4,2,4,10,8,4,2
06037540202,1,10,4,10,4,4,2
06037540501,4,2,4,4,4,3,9
06037540201,1,10,4,4,8,5,2
06037402801,10,4,4,4,1,3,10
06037402502,2,4,4,4,3,3,10
06037402402,3,3,5,1,3,5,1
06037402403,4,4,9,4,9,5,2
06037402902,4,4,4,4,3,2,10
06037403303,9,9,9,9,4,2,5
06037403000,4,4,4,4,4,1,10
06037192420,7,7,1,10,10,3,1
06037192410,7,7,1,7,10,5,6
06037192510,7,1,10,10,4,5,2
06037192520,7,1,10,10,10,3,9
06037192610,7,10,10,10,10,2,9
06037195400,7,7,7,7,3,2,6
06037192700,10,10,10,10,3,2,9
06037194300,6,6,6,6,4,2,3
06037192620,7,10,10,10,10,2,9
06037195600,1,10,1,10,4,4,2
06037195100,6,6,6,6,4,2,3
06037570001,3,3,3,3,3,1,5
06037570902,3,3,3,3,3,1,5
06037570701,3,3,3,3,4,2,5
06037571101,3,3,3,3,3,1,5
06037571300,9,3,3,3,3,2,5
06037570003,3,3,3,3,3,1,5
06037571102,3,3,3,3,3,1,5
06037555211,4,4,4,4,3,2,10
06037570202,3,3,4,4,4,2,10
06037503802,9,5,3,3,4,5,1
06037503801,9,9,3,3,4,3,5
06037503902,9,9,3,3,4,3,5
06037504002,9,9,3,3,4,3,5
06037480102,3,3,3,3,3,1,5
06037504101,9,4,3,3,4,5,1
06037980003,1,3,3,5,1,5,1
06037980002,4,4,4,4,10,2,10
06037980001,4,1,4,1,6,4,2
06037930301,5,5,5,5,6,2,4
06037920045,9,9,9,9,5,2,5
06037187101,3,3,3,3,1,2,5
06037186404,3,4,4,4,10,3,10
06037186403,3,4,4,4,1,3,10
06037186302,3,3,3,3,7,2,5
06037186203,3,3,1,1,10,3,7
06037186202,3,3,1,1,7,3,7
06037271802,1,7,7,1,6,5,2
06037272100,3,3,6,6,2,3,3
06037272302,1,1,7,1,10,5,7
06037272301,1,1,7,7,2,3,7
06037139802,6,9,6,6,3,5,4
06037185320,4,4,4,4,7,2,10
06037139801,6,9,6,6,3,5,4
06037135102,9,9,6,3,7,5,1
06037139702,6,6,6,6,1,2,3
06037700300,7,7,7,7,8,2,6
06037113213,9,9,9,9,10,2,5
06037530301,3,4,4,4,4,2,10
06037530302,3,4,4,4,4,2,10
06037532002,3,4,4,4,4,2,10
06037532101,3,4,4,10,4,5,2
06037138000,9,9,6,6,7,3,3
06037481714,1,1,10,1,3,5,7
06037481800,3,3,3,3,3,1,5
06037433200,4,4,4,4,3,2,10
06037433501,4,4,4,4,10,2,10
06037433402,4,4,4,4,10,2,10
06037433700,4,6,4,4,1,5,2
06037433601,4,3,4,3,7,4,1
06037134710,1,1,1,10,7,3,7
06037134520,1,1,10,10,6,3,7
06037134720,1,1,1,1,6,2,7
06037134800,9,9,3,3,6,3,5
06037134901,9,9,3,3,6,3,5
06037135111,1,7,3,3,7,5,1
06037135201,9,9,6,3,7,5,1
06037408628,9,5,9,9,3,5,1
06037408705,9,9,9,9,1,2,5
06037408703,9,9,9,9,6,2,5
06037406602,9,3,3,3,1,3,5
06037408800,2,10,10,10,3,3,9
06037232600,2,8,8,2,8,5,8
06037232500,2,8,2,2,8,5,8
06037232800,2,2,2,2,8,2,8
06037232700,2,2,2,2,8,2,8
06037234300,8,8,8,8,8,1,8
06037234700,8,8,8,8,4,2,8
06037234800,8,8,8,8,4,2,8
06037235100,8,8,8,8,10,2,8
06037234600,8,8,8,8,4,2,8
06037234000,8,8,8,8,2,2,8
06037235202,8,8,8,2,2,2,8
06037235201,8,8,8,8,4,2,8
06037703100,8,8,8,8,4,2,8
06037700600,6,6,6,6,9,2,3
06037703200,8,8,8,8,2,2,8
06037701502,7,7,7,7,6,2,6
06037620002,1,1,1,1,1,1,7
06037533701,4,4,4,4,4,1,10
06037191000,7,10,10,10,6,3,9
06037533107,1,4,4,4,4,2,10
06037534302,4,4,4,4,4,1,10
06037532500,4,10,4,4,4,3,9
06037534404,4,4,4,4,4,1,10
06037481201,3,3,1,3,3,3,1
06037533401,4,4,4,4,4,1,10
06037123206,10,10,10,4,7,3,9
06037534201,4,4,4,4,3,2,10
06037534900,4,4,4,4,8,2,10
06037430801,1,1,1,1,1,1,7
06037430724,7,7,7,7,4,2,6
06037403304,9,9,9,9,4,2,5
06037195500,7,1,1,7,4,5,2
06037195720,10,10,10,10,3,2,9
06037195710,10,10,10,10,3,2,9
06037197410,3,1,1,1,4,3,7
06037195802,1,10,10,10,1,3,9
06037197300,10,10,10,1,10,3,9
06037197200,3,4,3,3,4,5,1
06037542502,2,2,2,2,1,2,8
06037543703,4,9,3,3,3,3,5
06037571000,3,3,3,3,3,1,5
06037570204,4,1,10,4,2,4,2
06037570303,1,1,4,4,3,3,7
06037555104,9,9,9,1,6,3,5
06037570502,3,3,3,4,10,3,5
06037570402,3,4,4,8,4,5,2
06037570501,3,3,3,4,2,3,5
06037570603,1,1,1,2,10,3,7
06037570301,1,1,1,10,4,3,7
06037570602,1,1,4,4,10,3,7
06037570304,1,1,4,10,2,5,7
06037504102,3,9,4,3,4,4,1
06037480002,6,3,6,6,10,5,4
06037620102,4,1,1,1,3,3,7
06037293301,3,9,9,3,1,5,1
06037300100,9,9,6,6,7,3,3
06037300501,1,1,1,3,10,3,7
06037101400,3,3,3,3,3,1,5
06037480303,7,7,1,1,3,3,7
06037463602,7,7,7,7,1,2,6
06037463601,7,7,7,7,3,2,6
06037462302,1,10,10,1,1,3,9
06037462301,1,10,10,1,6,5,9
06037462202,7,7,7,7,6,2,6
06037462201,7,7,7,7,7,1,6
06037462002,2,2,2,10,1,3,8
06037462001,2,2,2,10,10,2,8
06037461902,10,10,10,10,10,1,9
06037461901,10,10,10,10,1,2,9
06037461502,8,8,8,4,3,3,8
06037186201,3,3,1,1,7,3,7
06037183702,1,1,10,1,7,5,7
06037183701,1,1,10,1,7,5,7
06037183402,3,3,1,1,6,3,7
06037183401,3,3,4,4,7,3,7
06037183222,3,3,4,3,1,5,1
06037183221,3,3,4,3,3,3,1
06037143603,7,7,7,7,1,2,6
06037701701,7,7,7,7,5,2,6
06037701302,7,7,7,7,3,2,6
06037701601,6,6,6,6,5,2,3
06037701801,1,1,1,1,4,2,7
06037701602,7,7,7,7,6,2,6
06037701501,7,7,7,7,6,2,6
06037701702,7,7,7,7,4,2,6
06037482001,9,9,6,3,1,5,1
06037482002,9,1,3,3,10,5,1
06037482101,3,1,3,3,3,3,5
06037482201,1,1,1,1,1,1,7
06037482202,1,1,10,1,10,5,7
06037482102,3,3,3,3,3,1,5
06037433802,4,4,4,3,6,3,10
06037433902,4,4,4,4,1,2,10
06037128910,1,7,7,7,3,3,2
06037500500,4,3,9,3,3,5,1
06037500402,4,4,4,4,3,2,10
06037128702,1,7,7,7,10,3,2
06037500600,4,4,4,4,4,1,10
06037541606,2,2,2,2,3,2,8
06037128302,1,10,10,10,1,3,9
06037602106,1,1,1,10,9,3,7
06037602002,4,4,4,4,4,1,10
06037128303,1,10,10,10,1,3,9
06037603001,1,1,1,4,5,3,7
06037602404,1,1,1,10,6,3,7
06037128220,1,1,10,1,3,5,7
06037602403,1,1,1,10,6,3,7
06037600703,1,8,8,8,10,3,8
06037602402,3,3,1,4,6,5,1
06037600602,1,8,2,2,10,5,2
06037601303,1,10,8,8,1,5,2
06037236000,6,8,8,8,2,3,8
06037236100,10,8,8,8,4,3,8
06037237300,8,8,8,8,4,2,8
06037237500,2,2,2,2,2,1,8
06037237600,2,2,2,2,2,1,8
06037237720,2,2,2,2,4,2,8
06037237800,8,8,8,8,2,2,8
06037237710,2,2,2,2,2,1,8
06037237900,8,8,8,8,2,2,8
06037239330,2,2,2,4,2,3,8
06037239310,2,2,2,2,4,2,8
06037239320,2,2,2,2,4,2,8
06037238310,2,2,2,2,2,1,8
06037238100,8,8,8,8,2,2,8
06037534002,4,4,4,4,4,1,10
06037533203,3,4,4,4,4,2,10
06037534301,4,4,4,4,4,1,10
06037532001,3,4,4,4,4,2,10
06037532303,4,4,4,4,4,1,10
06037534403,4,4,4,4,4,1,10
06037534700,3,3,3,3,4,2,5
06037430701,6,6,6,6,3,2,3
06037431700,6,3,6,6,3,5,4
06037430802,3,3,6,6,10,3,3
06037431400,3,6,3,3,3,3,5
06037431800,3,3,3,3,4,2,5
06037430400,6,6,6,6,10,2,3
06037430600,6,6,6,6,3,2,3
06037401602,3,9,1,9,3,4,1
06037400204,9,9,9,9,1,2,5
06037404000,9,9,3,3,3,2,5
06037401601,3,9,9,9,3,3,1
06037401701,9,6,6,6,3,3,4
06037542402,2,8,8,8,3,3,8
06037543100,8,8,8,8,4,2,8
06037553300,9,3,3,3,3,2,5
06037554802,4,3,3,3,3,2,5
06037554900,4,3,3,3,1,3,5
06037106604,9,9,4,9,3,5,1
06037553400,4,4,4,4,4,1,10
06037554002,3,3,3,4,3,3,5
06037570601,1,1,4,2,10,5,2
06037570901,9,3,3,3,3,2,5
06037570800,3,3,3,3,9,2,5
06037571200,3,3,3,3,3,1,5
06037571400,3,3,3,3,3,1,5
06037573401,1,1,1,3,10,3,7
06037572500,10,1,10,2,10,4,2
06037571502,3,3,3,1,3,3,5
06037208720,7,7,10,10,10,2,9
06037209402,10,10,10,10,10,1,9
06037297300,3,3,3,3,1,2,5
06037530500,4,4,4,4,10,2,10
06037702901,7,7,7,5,1,3,6
06037701000,7,7,7,6,9,3,6
06037194500,7,7,6,6,4,3,3
06037701201,6,6,6,6,9,2,3
06037195300,7,7,1,7,3,5,6
06037620101,4,1,1,3,3,3,2
06037620201,7,7,7,7,9,2,6
06037275603,9,1,3,3,4,5,1
06037275500,4,10,10,10,10,2,9
06037275102,4,1,1,1,4,3,7
06037273902,1,7,7,7,9,3,2
06037273502,10,7,7,7,4,3,2
06037272202,1,1,1,1,7,2,7
06037272201,1,1,1,1,3,2,7
06037271902,1,3,7,7,10,5,2
06037271901,1,1,7,7,3,3,7
06037269905,7,7,7,1,1,2,6
06037269904,7,7,7,7,6,2,6
06037141304,7,7,7,7,1,2,6
06037141303,7,7,7,7,10,2,6
06037141202,7,7,7,7,10,2,6
06037141201,7,7,7,7,4,2,6
06037141102,7,7,7,7,1,2,6
06037139402,6,1,6,6,1,5,4
06037139001,9,1,7,7,6,5,2
06037137104,9,5,7,7,6,5,2
06037134904,1,1,1,1,6,2,7
06037702300,1,7,6,6,4,5,4
06037139600,6,7,6,6,1,5,4
06037702201,1,7,7,7,4,3,2
06037702202,1,3,6,6,9,5,4
06037701802,10,10,10,7,5,3,9
06037224200,10,10,10,10,2,2,9
06037221210,10,10,10,10,4,2,9
06037530700,4,4,4,4,4,1,10
06037482702,3,3,3,3,3,1,5
06037137501,6,9,6,7,7,5,4
06037530102,3,3,3,3,3,1,5
06037137402,9,9,6,6,7,3,3
06037432201,3,3,3,3,6,2,5
06037481300,3,3,3,3,9,2,5
06037404600,4,4,4,3,3,2,10
06037540300,4,4,4,4,8,2,10
06037540203,1,10,4,4,8,5,2
06037541002,8,9,8,8,4,5,8
06037104610,4,4,4,4,6,2,10
06037106111,9,9,9,9,3,2,5
06037111201,9,9,3,3,1,3,5
06037109800,9,3,3,3,1,3,5
06037111100,9,9,3,3,10,3,5
06037600911,3,8,8,8,8,2,8
06037601202,3,3,4,4,3,3,7
06037600802,1,8,8,8,8,2,8
06037601301,1,3,8,8,3,5,2
06037601001,7,1,8,8,10,5,2
06037601302,1,10,10,8,1,5,9
06037600704,1,8,8,8,10,3,8
06037600912,3,8,8,4,4,3,8
06037201401,4,4,4,4,10,2,10
06037238320,2,2,2,2,2,1,8
06037301100,3,7,7,7,3,3,2
06037301502,3,1,1,1,3,3,7
06037301501,3,1,1,3,3,3,2
06037301204,7,7,7,7,1,2,6
06037301702,3,3,1,1,3,3,7
06037301701,3,3,1,1,3,3,7
06037301602,1,1,1,1,3,2,7
06037301900,7,7,7,7,7,1,6
06037534501,3,4,4,4,4,2,10
06037204920,4,4,4,4,10,2,10
06037206050,10,10,10,10,10,1,9
06037543601,4,4,9,3,3,3,1
06037532900,2,2,2,2,4,2,8
06037533103,1,10,10,10,4,3,9
06037535102,8,2,2,2,8,3,8
06037535200,2,2,2,2,8,2,8
06037535400,2,2,2,2,8,2,8
06037430501,6,6,6,6,10,2,3
06037430200,6,9,6,6,4,5,4
06037431600,3,3,6,3,4,5,1
06037463102,6,6,6,6,1,2,3
06037431900,3,3,3,3,4,2,5
06037432000,3,3,3,3,4,2,5
06037401312,3,9,3,3,4,5,1
06037407900,9,9,3,3,3,2,5
06037403401,9,9,9,9,3,2,5
06037403403,9,9,9,9,4,2,5
06037189800,7,7,7,7,7,1,6
06037554201,1,1,1,3,10,3,7
06037554404,1,1,1,1,4,2,7
06037106603,9,5,9,6,1,4,1
06037554403,1,1,1,10,4,3,7
06037554519,9,9,9,9,3,2,5
06037554511,9,9,9,9,4,2,5
06037554518,9,9,9,9,3,2,5
06037554513,9,9,9,9,3,2,5
06037554522,9,9,9,3,1,3,5
06037208903,7,10,10,10,10,2,9
06037209102,7,10,10,10,10,2,9
06037209300,7,5,10,10,10,3,9
06037208904,7,10,10,10,7,3,9
06037209401,10,10,10,10,10,1,9
06037209403,10,10,10,10,10,1,9
06037209510,7,10,10,10,10,2,9
06037209520,10,10,10,10,10,1,9
06037209810,10,10,10,10,10,1,9
06037209820,10,10,10,10,10,1,9
06037210010,10,10,10,10,10,1,9
06037211000,6,6,6,6,1,2,3
06037211410,7,7,10,10,10,2,9
06037211320,7,10,10,10,10,2,9
06037211310,7,10,10,10,10,2,9
06037211420,7,7,10,10,10,2,9
06037211802,7,7,10,10,7,3,7
06037211701,7,7,7,7,6,2,6
06037296500,2,4,4,4,1,3,10
06037297110,4,10,10,10,1,3,9
06037297400,9,3,6,6,1,5,4
06037297500,3,1,1,1,1,2,7
06037300200,3,3,3,3,1,2,5
06037609900,4,3,3,3,3,2,5
06037296220,10,10,10,10,1,2,9
06037269903,7,7,7,7,7,1,6
06037269602,7,10,10,10,7,3,9
06037269601,7,10,10,10,6,3,9
06037267902,7,7,7,7,7,1,6
06037910208,9,9,9,9,9,1,5
06037910207,9,9,9,9,9,1,5
06037800331,9,9,9,9,9,1,5
06037134424,9,9,9,9,6,2,5
06037134423,9,9,9,9,1,2,5
06037134002,1,1,1,1,6,2,7
06037134001,1,1,1,1,6,2,7
06037132502,3,1,1,1,3,3,7
06037132501,3,1,1,1,3,3,7
06037132102,9,9,1,1,7,3,7
06037132101,9,9,1,1,3,3,7
06037132002,3,3,3,3,6,2,5
06037132001,3,3,3,3,5,2,5
06037131702,1,1,1,1,3,2,7
06037128802,7,7,7,7,6,2,6
06037128602,1,1,7,1,3,5,7
06037530802,4,4,4,4,4,1,10
06037530601,4,4,4,4,4,1,10
06037530602,4,4,4,4,4,1,10
06037574500,9,3,3,3,7,3,5
06037574901,3,3,3,3,6,2,5
06037577100,7,7,7,7,4,2,6
06037575002,3,7,7,1,6,5,2
06037572201,3,3,3,3,10,2,5
06037481901,3,3,3,3,4,2,5
06037481401,3,3,3,1,4,3,5
06037482304,1,4,4,4,4,2,10
06037482402,4,4,4,3,3,2,10
06037482503,4,4,4,4,3,2,10
06037134421,9,9,6,6,1,3,3
06037530101,1,4,1,4,4,5,2
06037294820,10,4,10,10,7,5,2
06037111204,9,9,6,6,9,3,3
06037113212,9,9,9,9,10,2,5
06037113234,9,1,1,1,3,3,7
06037113211,9,9,9,9,10,2,5
06037113232,9,1,9,6,10,4,1
06037113321,9,1,1,1,10,3,7
06037113231,9,1,9,6,10,4,1
06037113303,9,9,3,3,10,3,5
06037113401,9,3,3,3,4,3,5
06037601401,1,10,10,10,3,3,9
06037601211,1,10,10,10,1,3,9
06037600201,2,2,2,2,1,2,8
06037601002,7,1,10,8,10,4,2
06037600100,2,2,2,2,10,2,8
06037601212,1,10,10,10,4,3,9
06037600902,1,10,2,2,4,5,2
06037273100,1,3,7,7,3,5,2
06037602004,4,8,8,4,4,3,8
06037602003,4,8,8,4,1,5,8
06037602103,1,1,10,10,3,3,7
06037301000,7,7,7,7,3,2,6
06037302002,7,7,7,7,6,2,6
06037300902,6,6,6,6,1,2,3
06037302103,7,1,1,1,4,3,7
06037302301,1,1,10,1,6,5,7
06037302201,7,7,10,7,4,5,6
06037302202,7,7,10,1,9,5,6
06037311700,3,3,3,7,3,3,5
06037535300,2,2,2,4,8,3,8
06037534502,3,4,4,4,4,2,10
06037188300,3,3,3,3,10,2,5
06037532606,10,10,10,10,4,2,9
06037532603,10,10,4,4,4,2,9
06037532604,10,10,4,4,4,2,9
06037532605,10,10,10,10,4,2,9
06037534203,4,4,4,4,4,1,10
06037532800,2,2,2,2,4,2,8
06037533106,1,4,4,4,4,2,10
06037432101,3,3,3,3,4,2,5
06037432402,3,4,4,4,8,3,10
06037432102,3,3,3,3,3,1,5
06037480101,3,3,3,3,1,2,5
06037480012,1,1,3,3,1,3,7
06037480201,6,6,6,6,3,2,3
06037481101,1,1,1,1,3,2,7
06037403402,9,9,9,3,4,3,5
06037403703,9,9,9,3,3,2,5
06037403600,9,9,3,3,1,3,5
06037404902,4,4,4,3,4,3,10
06037554512,9,9,9,9,2,2,5
06037554517,9,9,9,9,3,2,5
06037554515,9,9,9,3,3,2,5
06037551300,1,1,1,1,4,2,7
06037552800,3,3,3,4,3,3,5
06037552900,3,4,3,4,3,4,1
06037552400,4,4,4,4,3,2,10
06037211500,7,7,7,7,10,2,6
06037212202,7,10,10,10,7,3,9
06037212204,7,10,10,10,6,3,9
06037212203,7,10,10,10,7,3,9
06037212306,7,10,10,10,7,3,9
06037212410,7,10,10,10,8,3,9
06037212305,7,10,10,10,7,3,9
06037212610,7,10,10,10,7,3,9
06037213201,10,10,10,10,10,1,9
06037212420,7,10,10,10,7,3,9
06037212620,7,10,10,10,1,3,9
06037212900,10,10,10,10,10,1,9
06037212800,8,8,10,1,10,5,2
06037213100,7,8,1,10,8,4,2
06037213202,10,10,10,10,8,2,9
06037213402,7,10,10,10,10,2,9
06037213401,7,10,10,10,8,3,9
06037213310,10,10,10,10,8,2,9
06037213320,10,10,10,10,8,2,9
06037460000,6,6,6,6,3,2,3
06037700200,7,7,7,7,8,2,6
06037221710,10,10,10,10,4,2,9
06037553000,3,3,3,3,3,1,5
06037293304,3,1,1,1,6,3,7
06037227020,2,2,4,10,8,5,8
06037228220,2,2,2,2,4,2,8
06037228310,2,2,2,2,8,2,8
06037228210,2,2,2,4,4,2,8
06037228100,2,2,2,4,8,3,8
06037228420,2,2,2,2,8,2,8
06037228320,2,2,2,2,8,2,8
06037228410,2,2,2,4,8,3,8
06037228500,8,2,2,2,8,3,8
06037650605,1,1,1,1,7,2,7
06037650604,1,1,1,1,7,2,7
06037461501,8,8,8,4,3,3,8
06037267403,7,7,7,7,7,1,6
06037265601,7,7,5,7,6,5,6
06037239802,2,2,2,2,6,2,8
06037239702,2,2,2,2,6,2,8
06037264103,7,7,7,7,10,2,6
06037262802,6,6,6,6,6,1,3
06037262706,6,6,6,6,7,2,3
06037262604,6,6,6,6,7,2,3
06037241202,2,8,8,2,10,5,8
06037128601,1,7,7,1,3,5,2
06037128102,1,1,1,10,1,3,7
06037128101,1,1,1,10,1,3,7
06037127806,7,7,1,1,1,2,6
06037127804,1,7,1,1,1,3,2
06037127803,1,7,1,1,1,3,2
06037127711,1,1,5,1,1,3,1
06037127603,1,1,1,10,1,3,7
06037127104,1,1,1,1,3,2,7
06037127103,1,1,1,1,3,2,7
06037125502,7,7,7,7,7,1,6
06037293302,3,1,3,3,9,5,1
06037670403,9,9,6,6,7,3,3
06037574100,3,3,3,3,1,2,5
06037101210,1,1,1,10,3,3,7
06037574400,3,3,3,3,1,2,5
06037576802,7,7,7,1,8,3,6
06037576801,7,7,7,10,8,3,6
06037576700,7,7,7,7,10,2,6
06037576601,7,7,7,7,4,2,6
06037576602,7,7,7,7,8,2,6
06037576501,7,7,10,10,8,3,7
06037576503,7,7,10,10,10,2,9
06037576200,7,7,10,10,8,3,7
06037576401,10,10,10,10,8,2,9
06037576403,10,10,10,10,4,2,9
06037294110,4,4,4,4,1,2,10
06037294610,4,4,4,4,6,2,10
06037543604,9,9,3,3,4,3,5
06037576502,7,7,10,10,2,3,7
06037294620,4,4,4,4,6,2,10
06037294410,2,10,10,10,3,3,9
06037101110,3,3,3,3,10,2,5
06037294200,3,4,4,4,3,3,10
06037543903,4,4,3,3,4,3,7
06037572202,3,3,3,3,10,2,5
06037543701,4,4,3,3,4,3,7
06037113322,9,1,9,6,1,4,1
06037113421,9,1,1,1,3,3,7
06037115201,1,7,7,1,10,5,2
06037115302,1,10,10,10,10,2,9
06037115202,1,1,7,1,10,5,7
06037115101,6,9,6,6,3,5,4
06037117301,9,9,3,3,3,2,5
06037117302,9,9,3,3,1,3,5
06037117404,9,9,3,3,3,2,5
06037115401,1,1,1,1,10,2,7
06037117510,1,1,10,10,10,2,9
06037119310,3,1,10,1,4,4,2
06037119400,9,9,3,3,1,3,5
06037602105,1,1,1,10,1,3,7
06037601600,4,4,4,4,3,2,10
06037601700,4,4,10,10,10,2,9
06037601801,4,4,4,4,10,2,10
06037601802,4,4,4,4,4,1,10
06037601900,10,2,2,10,4,5,8
06037602104,1,1,10,10,3,3,7
06037600801,8,8,8,8,8,1,8
06037602700,9,8,8,8,6,3,8
06037601100,1,10,10,10,10,2,9
06037600601,1,8,8,8,10,3,8
06037302104,7,1,1,1,4,3,7
06037300901,6,6,6,6,1,2,3
06037320100,3,3,4,4,1,3,7
06037106113,9,4,9,3,3,5,1
06037311802,1,1,1,1,3,2,7
06037302102,1,7,1,1,4,5,2
06037302302,1,1,10,10,6,3,7
06037124400,1,1,7,1,1,3,1
06037125200,7,7,7,1,1,2,6
06037124700,6,7,7,7,1,3,2
06037125100,7,7,7,7,1,2,6
06037127102,1,1,1,1,1,1,7
06037534102,4,4,4,4,4,1,10
06037533104,1,10,10,10,4,3,9
06037533105,1,4,4,10,4,5,2
06037533601,4,4,4,4,4,1,10
06037533602,4,4,4,4,4,1,10
06037533501,4,4,4,4,4,1,10
06037205120,10,4,4,10,10,3,9
06037533804,1,4,4,4,4,2,10
06037460302,8,8,8,8,7,2,8
06037800101,9,9,6,6,3,3,3
06037800102,9,9,6,6,10,3,3
06037800202,9,9,6,9,9,3,1
06037651102,1,1,7,7,5,3,7
06037401704,9,1,1,1,9,3,7
06037400900,9,9,3,3,4,3,5
06037190700,7,10,10,10,6,3,9
06037403801,9,9,9,9,4,2,5
06037405202,4,4,4,4,4,1,10
06037404801,4,4,4,4,3,2,10
06037404903,4,4,4,4,4,1,10
06037405201,4,4,4,4,4,1,10
06037405600,9,3,3,3,3,2,5
06037405203,4,4,4,4,4,1,10
06037406200,1,1,1,1,3,2,7
06037501802,1,1,1,3,3,2,7
06037109400,9,3,3,3,1,3,5
06037552602,4,4,4,4,3,2,10
06037552700,3,3,3,3,3,1,5
06037552601,4,4,4,4,3,2,10
06037553100,9,9,3,4,3,5,1
06037554514,9,9,9,9,3,2,5
06037554516,9,9,9,9,3,2,5
06037554600,9,9,3,3,3,2,5
06037554521,9,9,9,3,3,2,5
06037214000,6,6,6,6,10,2,3
06037214100,7,7,6,6,10,3,3
06037214400,7,7,7,7,8,2,6
06037214700,7,7,7,7,4,2,6
06037214800,7,7,7,7,10,2,6
06037214600,7,7,7,7,8,2,6
06037216100,7,8,6,7,4,4,4
06037571701,1,1,4,4,6,3,7
06037572301,4,4,4,4,4,1,10
06037572302,4,4,4,4,10,2,10
06037228600,2,2,2,2,8,2,8
06037229200,2,2,2,2,8,2,8
06037228800,2,2,2,2,2,1,8
06037228900,2,2,2,2,2,1,8
06037231400,8,8,8,8,2,2,8
06037231220,2,2,2,2,2,1,8
06037231500,8,8,8,8,2,2,8
06037231710,2,2,10,2,8,5,8
06037232120,2,2,2,2,4,2,8
06037236400,8,8,8,8,4,2,8
06037236202,10,10,2,2,4,3,9
06037234200,8,8,8,8,10,2,8
06037261200,6,6,6,6,7,2,3
06037262100,6,6,6,6,7,2,3
06037262400,6,6,6,6,7,2,3
06037262303,6,6,6,6,7,2,3
06037262302,6,6,6,6,7,2,3
06037267200,7,7,7,7,7,1,6
06037241002,2,2,2,2,6,2,8
06037241001,2,2,2,2,7,2,8
06037240402,2,2,2,2,6,2,8
06037602507,4,1,10,10,1,5,2
06037602506,4,1,10,10,9,5,2
06037602505,4,1,10,10,1,5,2
06037602504,4,1,10,10,9,5,2
06037600303,2,2,2,2,3,2,8
06037990200,7,7,7,6,6,2,6
06037101300,3,3,3,3,9,2,5
06037651001,9,3,3,3,6,3,5
06037702600,9,3,6,6,4,5,4
06037670701,9,9,3,3,7,3,5
06037670002,4,1,1,1,7,3,7
06037294520,4,4,4,4,6,2,10
06037296600,4,10,10,10,1,3,9
06037575103,10,10,10,10,2,2,9
06037576402,10,10,10,10,8,2,9
06037575902,7,10,10,10,8,3,9
06037575401,10,10,10,2,2,2,9
06037575901,7,10,10,10,10,2,9
06037575102,10,10,10,10,1,2,9
06037575803,10,10,10,10,8,2,9
06037297000,3,3,3,3,1,2,5
06037575801,10,10,10,10,8,2,9
06037294830,10,4,10,10,7,5,2
06037294510,4,4,4,4,1,2,10
06037294900,4,4,4,4,7,2,10
06037296210,10,10,10,10,6,2,9
06037294810,10,4,10,10,6,5,2
06037577501,6,6,6,6,4,2,3
06037575201,2,2,10,2,2,3,8
06037575202,2,2,10,10,2,3,9
06037104500,4,4,4,4,6,2,10
06037104810,4,4,4,3,3,2,10
06037106403,3,3,4,3,3,3,1
06037107010,4,3,4,3,1,4,1
06037106641,9,9,9,6,6,2,5
06037107020,4,4,4,4,3,2,10
06037117530,1,1,10,10,4,3,7
06037119800,9,3,3,3,10,3,5
06037117405,1,10,10,10,3,3,9
06037120010,9,3,10,4,10,4,2
06037119900,3,3,3,3,10,2,5
06037120030,1,10,10,10,1,3,9
06037119700,9,9,3,3,10,3,5
06037121010,3,3,3,3,1,2,5
06037120300,3,3,3,3,1,2,5
06037120020,1,10,10,10,4,3,9
06037121020,3,3,3,4,1,3,5
06037117520,1,1,10,10,4,3,7
06037121210,3,3,4,4,6,3,7
06037122120,4,3,4,4,1,5,2
06037127520,1,1,1,10,9,3,7
06037600202,2,2,2,2,3,2,8
06037600501,9,8,8,8,10,3,8
06037600400,8,8,8,8,1,2,8
06037296300,10,4,9,9,6,5,1
06037600702,3,8,8,8,10,3,8
06037135202,9,9,3,3,7,3,5
06037135203,9,9,9,3,6,3,5
06037137302,9,9,6,6,1,3,3
06037132900,9,9,3,3,5,3,5
06037131200,9,3,3,3,10,3,5
06037131600,9,3,3,3,1,3,5
06037137301,9,9,6,6,7,3,3
06037137201,9,5,7,7,6,5,2
06037137504,6,9,6,6,7,5,4
06037137401,9,9,6,6,7,3,3
06037460900,8,8,8,8,6,2,8
06037461700,8,6,6,6,6,2,4
06037462400,3,3,3,3,3,1,5
06037462100,10,10,1,1,6,3,7
06037461600,8,8,8,8,3,2,8
06037462500,3,3,3,6,3,3,5
06037463000,6,6,6,6,1,2,3
06037404803,4,4,4,4,3,2,10
06037404802,4,4,4,4,4,1,10
06037405001,4,4,4,4,3,2,10
06037405800,9,9,3,3,9,3,5
06037430002,4,3,9,3,3,5,1
06037407400,4,3,3,3,3,2,5
06037190510,7,10,10,10,10,2,9
06037403722,9,1,1,1,3,3,7
06037501900,3,3,3,3,3,1,5
06037503301,3,3,3,3,4,2,5
06037502100,3,4,3,4,3,4,1
06037502301,4,4,4,3,3,2,10
06037503202,9,3,3,3,4,3,5
06037503401,9,3,3,3,4,3,5
06037553200,3,3,3,3,4,2,5
06037554700,4,4,4,4,3,2,10
06037554801,4,4,4,4,1,2,10
06037553701,4,4,4,4,4,1,10
06037553801,4,4,4,10,3,3,10
06037553502,4,4,4,10,3,3,10
06037553601,4,4,4,4,1,2,10
06037106520,4,9,9,4,1,5,1
06037400603,1,9,9,9,3,3,1
06037553901,4,4,4,4,4,1,10
06037543501,4,4,1,1,4,3,7
06037555002,4,9,9,4,4,3,2
06037571900,6,6,6,3,1,3,3
06037572400,4,8,8,8,10,3,8
06037572002,7,7,7,7,10,2,6
06037572001,3,3,3,3,1,2,5
06037573700,3,3,3,3,7,2,5
06037573800,9,9,3,3,7,3,5
06037264301,7,7,7,7,1,2,6
06037265520,7,7,7,7,6,2,6
06037262601,6,6,6,6,7,2,3
06037265420,6,6,6,6,6,1,3
06037265303,7,7,7,7,1,2,6
06037265100,6,6,6,6,1,2,3
06037264000,6,6,6,6,6,1,3
06037265510,7,7,7,7,7,1,6
06037990300,1,1,7,6,7,5,1
06037990100,6,5,5,5,10,3,4
06037980031,10,4,10,10,6,5,2
06037980019,6,6,6,6,6,1,3
06037239701,2,2,2,2,6,2,8
06037239602,2,2,2,2,6,2,8
06037239601,2,2,2,2,6,2,8
06037239502,2,2,2,2,6,2,8
06037239501,2,2,2,2,6,2,8
06037601501,1,4,10,10,3,5,2
06037670405,9,9,6,6,6,2,3
06037101220,1,1,1,1,9,2,7
06037670702,6,9,6,6,1,5,4
06037670500,6,9,6,6,6,3,4
06037651222,1,1,1,1,7,2,7
06037651302,9,3,6,6,6,3,4
06037651002,9,9,9,3,7,3,5
06037575402,10,10,10,2,2,2,9
06037113233,9,1,1,1,3,3,7
06037573002,7,10,10,2,10,5,9
06037577200,7,7,7,7,4,2,6
06037573402,1,1,1,1,10,2,7
06037571800,6,6,6,6,10,2,3
06037575802,10,10,10,10,8,2,9
06037573403,1,1,1,1,10,2,7
06037109300,9,9,3,3,6,3,5
06037109200,9,9,3,3,1,3,5
06037109500,4,4,4,3,1,3,10
06037111202,3,3,3,3,9,2,5
06037111301,1,1,1,1,3,2,7
06037111302,9,9,6,1,3,5,1
06037111400,9,1,1,1,3,3,7
06037109700,9,9,3,3,10,3,5
06037121600,9,3,3,3,10,3,5
06037541802,3,4,4,4,4,2,10
06037540700,2,2,2,2,3,2,8
06037540901,8,8,8,2,8,3,8
06037540800,8,8,8,8,8,1,8
06037540902,8,8,8,8,3,2,8
06037541605,2,2,2,2,3,2,8
06037139303,1,1,1,1,3,2,7
06037139301,9,1,6,6,6,3,4
06037460301,8,8,8,8,7,2,8
06037460200,3,8,8,8,6,3,8
06037300800,6,7,6,6,6,3,4
06037460501,6,6,6,6,7,2,3
06037461100,3,8,8,8,6,3,8
06037460600,6,6,6,6,6,1,3
06037137502,9,3,6,6,7,5,4
06037139302,1,1,1,1,6,2,7
06037139200,1,1,1,1,6,2,7
06037139701,6,6,6,6,3,2,3
06037139703,6,9,6,6,3,5,4
06037131020,3,1,1,4,6,5,2
06037141400,6,6,6,6,1,2,3
06037141302,7,7,7,7,10,2,6
06037143100,7,7,7,7,1,2,6
06037462800,3,1,1,1,1,2,7
06037463101,3,3,3,3,1,2,5
06037462900,3,3,3,3,1,2,5
06037462700,3,1,1,1,1,2,7
06037300400,3,3,3,3,1,2,5
06037462600,3,6,6,6,1,3,4
06037463200,6,6,6,6,10,2,3
06037406101,3,3,1,3,3,3,1
06037430102,4,4,4,3,3,2,10
06037404702,4,4,4,4,3,2,10
06037404701,4,4,4,4,4,1,10
06037408623,9,9,9,9,1,2,5
06037408401,9,9,3,3,1,3,5
06037460700,6,6,6,6,6,1,3
06037503702,9,9,3,3,4,3,5
06037532102,3,4,4,3,4,5,2
06037503402,9,3,3,3,4,3,5
06037501600,6,3,6,3,3,5,4
06037503501,9,9,3,3,4,3,5
06037503502,3,3,3,3,4,2,5
06037503601,9,3,3,3,4,3,5
06037109100,9,3,3,3,1,3,5
06037553702,4,4,4,4,3,2,10
06037554101,1,1,1,10,3,3,7
06037553802,4,4,4,4,4,1,10
06037554001,3,3,3,3,3,1,5
06037602200,3,3,3,4,1,3,5
06037603400,3,3,3,4,6,3,5
06037106510,4,9,9,9,1,3,1
06037603004,1,1,1,1,6,2,7
06037574202,1,3,3,3,10,3,5
06037574201,3,3,3,3,10,2,5
06037574601,3,6,3,10,7,4,1
06037320300,4,4,4,4,7,2,10
06037291210,4,4,4,4,10,2,10
06037570203,4,1,10,10,3,5,2
06037291220,4,4,4,4,10,2,10
06037291300,9,3,3,3,1,3,5
06037103300,3,3,3,3,4,2,5
06037265700,7,7,7,7,7,1,6
06037265410,6,6,6,6,8,2,3
06037183101,3,3,4,3,7,5,1
06037267100,7,7,6,7,7,3,6
06037264302,7,7,7,7,1,2,6
06037267300,7,7,7,7,7,1,6
06037267402,7,7,7,7,7,1,6
06037267501,7,7,7,7,6,2,6
06037267502,1,7,7,7,1,3,2
06037267600,3,1,7,7,1,5,2
06037239202,2,2,2,2,2,1,8
06037239201,2,2,2,2,4,2,8
06037237402,2,2,8,8,2,3,8
06037237401,2,2,8,8,4,3,8
06037237202,8,8,8,2,2,2,8
06037237201,8,8,8,2,8,3,8
06037237101,2,2,2,2,10,2,8
06037236204,10,2,2,2,4,3,8
06037236203,10,2,2,2,10,3,8
06037234902,8,2,2,2,10,3,8
06037222001,8,8,8,8,10,2,8
06037221602,2,10,10,10,4,3,9
06037221601,2,10,10,10,10,2,9
06037221402,2,10,2,10,4,4,8
06037430721,7,7,6,7,4,5,6
06037670406,9,9,6,6,6,2,3
06037670202,6,9,6,6,10,5,4
06037301601,1,1,1,1,3,2,7
06037670003,1,1,1,3,7,3,7
06037211120,7,7,10,10,1,3,7
06037572600,3,3,4,3,10,5,1
06037573300,2,2,2,2,10,2,8
06037575300,2,10,10,10,8,3,9
06037572900,10,4,4,4,10,3,10
06037573201,10,10,2,10,10,3,8
06037573100,7,1,10,10,10,3,9
06037572700,4,4,4,3,10,3,10
06037577000,1,7,7,1,10,5,2
06037542200,4,2,2,4,3,5,8
06037573202,2,2,2,2,10,2,8
06037109601,9,9,3,3,1,3,5
06037920312,9,9,5,9,3,5,1
06037920313,9,5,9,9,1,5,1
06037920314,9,1,1,9,6,5,1
06037541603,4,2,2,4,3,5,8
06037550700,3,3,3,3,4,2,5
06037551201,1,3,3,3,1,3,5
06037551202,1,3,3,3,4,3,5
06037551700,3,3,3,4,4,2,10
06037553602,4,4,4,10,4,3,10
06037461200,6,6,6,6,6,1,3
06037461300,3,3,3,6,1,3,5
06037461000,8,8,8,8,6,2,8
06037143200,7,7,7,7,4,2,6
06037143300,7,7,7,7,3,2,6
06037143400,1,7,7,7,1,3,2
06037141700,6,6,6,6,3,2,3
06037143602,7,7,7,7,3,2,6
06037240010,2,2,2,2,6,2,8
06037238400,8,8,8,8,4,2,8
06037240020,2,2,2,2,6,2,8
06037240200,2,2,2,2,6,2,8
06037240300,2,2,2,2,6,2,8
06037238200,8,8,8,8,8,1,8
06037240700,2,8,8,2,7,5,8
06037240600,2,2,2,2,6,2,8
06037463400,6,7,7,7,1,3,2
06037463700,6,7,6,6,3,5,4
06037463800,6,6,6,6,3,2,3
06037463500,7,7,7,7,3,2,6
06037463900,6,7,6,6,1,5,4
06037463300,6,6,6,6,3,2,3
06037406000,9,3,3,3,1,3,5
06037535101,2,2,2,4,8,3,8
06037532302,4,4,4,4,4,1,10
06037481712,1,1,10,1,4,5,7
06037123104,1,1,1,1,1,1,7
06037532304,4,4,4,4,4,1,10
06037432901,3,3,3,3,8,2,5
06037500100,6,6,6,6,4,2,3
06037503703,9,9,5,9,4,5,1
06037201700,1,4,1,4,7,4,2
06037536200,3,3,3,4,2,3,5
06037540102,3,8,8,4,4,3,8
06037541001,8,8,8,8,1,2,8
06037600502,3,8,8,8,10,3,8
06037603500,3,3,3,3,3,1,5
06037199110,4,4,4,4,10,2,10
06037197700,1,10,10,10,4,3,9
06037197600,10,10,10,10,4,2,9
06037197420,1,10,4,10,4,4,2
06037197500,10,10,10,10,4,2,9
06037199000,4,4,4,10,4,3,10
06037199120,4,4,4,10,10,2,9
06037199202,4,4,4,4,4,1,10
06037293201,4,4,1,4,10,5,2
06037292000,4,4,4,10,10,2,9
06037293202,4,10,10,10,1,3,9
06037294120,4,4,4,4,6,2,10
06037621201,1,1,1,1,6,2,7
06037620301,9,9,6,6,1,3,3
06037620303,9,3,6,6,1,5,4
06037620400,9,3,6,6,3,5,4
06037620901,6,6,6,6,3,2,3
06037620800,9,9,6,6,3,3,3
06037267700,7,1,7,7,7,3,6
06037267800,6,6,6,6,7,2,3
06037269100,7,7,7,7,7,1,6
06037700700,6,6,6,6,6,1,3
06037226002,10,10,10,2,2,2,9
06037226001,10,10,10,2,4,3,9
06037222002,8,8,8,8,4,2,8
06037980014,4,4,10,10,7,3,7
06037980010,4,10,4,4,6,5,2
06037651101,1,9,6,6,7,5,4
06037203600,4,4,4,10,10,2,9
06037670100,1,1,1,1,7,2,7
06037670407,9,9,6,9,1,5,1
06037670201,6,9,6,6,7,5,4
06037601402,3,3,4,4,3,3,7
06037901205,5,5,1,9,9,3,4
06037910807,5,9,9,9,9,2,1
06037920023,9,9,9,9,3,2,5
06037920028,9,9,9,9,10,2,5
06037910805,5,5,9,5,9,5,4
06037920038,9,5,9,1,5,4,1
06037920035,9,9,9,9,3,2,5
06037920042,5,3,9,9,10,5,1
06037920018,9,9,9,9,3,2,5
06037910301,4,9,9,9,9,2,1
06037106020,9,9,9,3,3,2,5
06037920034,9,9,9,9,10,2,5
06037310400,3,3,3,3,9,2,5
06037550000,3,1,3,3,4,5,1
06037550100,3,3,3,3,3,1,5
06037551000,9,3,3,3,4,3,5
06037552200,1,10,10,4,3,5,9
06037552100,3,3,3,3,1,2,5
06037551900,9,9,3,3,1,3,5
06037553902,4,4,4,4,3,2,10
06037403500,6,6,6,6,4,2,3
06037461400,3,3,7,5,3,5,1
06037920017,9,9,9,9,9,1,5
06037310900,3,3,3,3,3,1,5
06037311200,3,3,3,3,9,2,5
06037311500,3,3,3,7,3,3,5
06037311400,3,3,3,3,3,1,5
06037800325,9,9,6,6,9,3,3
06037238000,8,8,8,8,2,2,8
06037240500,2,2,2,2,6,2,8
06037240900,2,2,2,2,7,2,8
06037240800,2,2,2,2,7,2,8
06037125600,6,3,6,6,1,5,4
06037262200,6,6,6,6,7,2,3
06037242100,2,2,2,2,6,2,8
06037241110,2,2,2,2,7,2,8
06037241300,8,8,2,2,10,3,8
06037241120,2,2,2,2,7,2,8
06037241400,2,2,2,2,10,2,8
06037242000,2,2,2,2,6,2,8
06037464000,6,7,6,6,1,5,4
06037464100,6,6,6,6,1,2,3
06037191710,7,10,10,10,7,3,9
06037191203,7,10,10,10,7,3,9
06037930200,9,3,3,5,6,5,1
06037910202,9,9,9,9,9,1,5
06037481711,1,1,10,1,3,5,7
06037480600,7,7,7,7,1,2,6
06037480302,7,7,1,1,3,3,7
06037504001,9,3,3,3,4,3,5
06037532200,4,4,4,4,4,1,10
06037503701,9,9,3,3,4,3,5
06037500900,3,4,3,3,3,3,5
06037432202,3,3,3,3,6,2,5
06037500800,3,4,3,3,4,5,1
06037500700,3,3,3,3,4,2,5
06037543602,9,5,9,3,1,4,1
06037106642,9,9,6,6,6,2,3
06037543801,4,9,3,3,4,5,1
06037543802,4,4,3,3,3,2,10
06037541300,8,2,8,8,3,5,8
06037541200,8,8,8,8,3,2,8
06037541604,4,2,2,2,4,3,8
06037199400,4,4,4,4,4,1,10
06037199300,3,4,4,4,4,2,10
06037199900,4,4,4,10,10,2,9
06037199201,4,4,10,10,4,3,7
06037199800,4,4,4,4,4,1,10
06037201200,4,4,4,4,10,2,10
06037201301,4,4,4,4,10,2,10
06037201110,4,4,4,4,10,2,10
06037201302,4,1,5,1,10,4,1
06037201503,4,4,4,4,10,2,10
06037620521,4,1,1,1,1,2,7
06037620522,4,1,1,9,3,5,2
06037620701,4,1,9,9,6,5,1
06037620602,4,9,3,3,1,5,1
06037621002,1,1,6,6,1,3,3
06037620601,1,1,1,1,1,1,7
06037621001,3,1,6,6,3,5,4
06037620501,4,3,3,9,3,5,1
06037621102,1,1,7,6,6,3,1
06037620702,4,9,9,9,6,3,1
06037621301,1,1,6,6,6,2,3
06037930401,9,9,6,6,7,3,3
06037920102,5,5,9,9,4,3,1
06037221401,8,8,8,2,4,3,8
06037221304,10,10,10,10,4,2,9
06037221303,10,10,10,10,4,2,9
06037219902,8,8,8,10,4,3,8
06037218702,8,8,8,8,10,2,8
06037218701,8,8,8,8,10,2,8
06037217002,7,7,7,7,10,2,6
06037217001,7,7,7,7,10,2,6
06037216402,7,7,7,7,10,2,6
06037216401,7,7,7,7,10,2,6
06037215102,7,7,7,7,10,2,6
06037215101,7,7,7,7,8,2,6
06037214501,7,7,7,7,2,2,6
06037212702,7,7,7,7,1,2,6
06037212502,7,10,10,10,1,3,9
06037574800,6,7,6,6,6,3,4
06037599000,5,5,5,5,10,2,4
06037577603,6,6,6,6,4,2,3
06037577400,7,7,7,7,4,2,6
06037577300,7,7,7,7,10,2,6
06037502902,4,4,4,4,4,1,10
06037555202,9,9,3,3,1,3,5
06037920037,9,5,9,1,3,4,1
06037920031,5,9,9,3,4,5,1
06037920111,5,9,9,9,10,3,1
06037310300,3,3,3,6,9,3,5
06037310701,1,1,1,7,3,3,7
06037310702,1,1,1,7,1,3,7
06037310800,3,3,3,1,3,3,5
06037311100,3,3,3,3,9,2,5
06037311000,3,3,3,3,3,1,5
06037311300,3,3,3,3,9,2,5
06037277400,1,1,5,10,10,3,1
06037310703,1,1,1,1,1,1,7
06037406300,6,9,6,9,1,4,1
06037800324,9,9,9,9,9,1,5
06037800326,9,9,6,6,9,3,3
06037404401,4,4,4,4,3,2,10
06037404302,4,4,4,4,3,2,10
06037404301,4,4,4,4,9,2,10
06037406102,1,1,1,1,3,2,7
06037401002,3,3,3,3,10,2,5
06037400800,3,9,5,7,4,4,4
06037181600,3,3,1,1,4,3,7
06037242200,2,2,2,2,7,2,8
06037242300,2,2,2,2,7,2,8
06037242600,2,2,2,2,7,2,8
06037242700,2,2,2,2,7,2,8
06037243000,2,2,2,2,7,2,8
06037261101,6,6,6,6,7,2,3
06037261102,6,6,6,6,7,2,3
06037243100,2,2,2,2,7,2,8
06037273700,3,3,3,6,10,3,5
06037273600,3,1,6,6,4,5,4
06037273200,2,10,10,1,4,5,9
06037273300,2,10,10,1,4,5,9
06037273800,1,1,7,7,3,3,7
06037480903,1,1,1,3,3,2,7
06037191120,7,10,10,10,7,3,9
06037480902,1,1,1,10,3,3,7
06037482502,4,4,4,4,3,2,10
06037480702,6,9,6,6,4,5,4
06037480400,7,7,7,1,3,3,6
06037480804,3,3,1,1,4,3,7
06037480704,7,7,7,7,4,2,6
06037480202,6,6,6,6,3,2,3
06037122200,4,4,4,4,7,2,10
06037122000,9,9,3,3,10,3,5
06037502401,3,3,3,3,3,1,5
06037120400,3,1,1,1,1,2,7
06037502901,9,9,3,3,4,3,5
06037550800,3,3,3,3,4,2,5
06037550500,3,3,3,3,4,2,5
06037531502,4,4,4,4,4,1,10
06037540000,4,4,4,4,4,1,10
06037541700,3,8,4,4,4,3,9
06037541801,3,4,4,4,4,2,10
06037543305,9,8,8,9,1,5,1
06037543502,4,4,3,3,1,3,7
06037542601,2,2,2,2,3,2,8
06037542602,2,2,2,2,3,2,8
06037542800,8,8,8,8,1,2,8
06037542700,2,2,2,2,3,2,8
06037542900,4,4,2,4,1,5,2
06037201501,4,4,4,4,2,2,10
06037201402,3,3,3,3,10,2,5
06037203300,10,10,4,10,7,5,2
06037203500,10,10,10,10,7,2,9
06037203710,4,4,4,4,10,2,10
06037203200,4,4,4,4,7,2,10
06037204410,10,10,10,10,10,1,9
06037203800,4,4,4,4,10,2,10
06037204420,10,10,10,10,10,1,9
06037204110,4,4,4,4,10,2,10
06037204300,4,4,4,4,10,2,10
06037621400,1,1,6,6,6,2,3
06037103200,3,3,3,3,9,2,5
06037650001,9,3,3,3,6,3,5
06037103102,3,3,3,3,10,2,5
06037650300,1,1,1,3,3,2,7
06037650101,9,3,3,3,6,3,5
06037216200,7,7,7,7,10,2,6
06037216300,7,7,7,7,10,2,6
06037216900,8,8,8,8,10,2,8
06037216700,7,8,8,8,10,3,8
06037216800,7,7,7,7,2,2,6
06037211921,7,7,10,10,7,3,7
06037211201,7,10,10,10,1,3,9
06037209104,7,10,10,10,10,2,9
06037209103,7,10,10,10,10,2,9
06037208802,7,10,10,10,1,3,9
06037208801,7,10,10,10,10,2,9
06037208502,1,10,10,10,1,3,9
06037208402,10,10,10,10,7,2,9
06037208401,10,10,10,10,10,1,9
06037208302,10,10,10,10,10,1,9
06037206032,2,2,10,10,10,2,8
06037920012,5,5,1,9,3,5,4
06037910001,2,4,9,9,9,3,1
06037901213,5,5,1,9,9,3,4
06037901209,5,5,5,5,3,2,4
06037576904,7,10,10,10,3,3,9
06037573004,7,10,10,10,10,2,9
06037571703,1,1,4,4,7,3,7
06037576901,7,10,10,10,8,3,9
06037575101,10,10,10,10,5,2,9
06037575001,1,3,1,1,6,5,2
06037574902,1,7,1,1,6,5,2
06037574300,3,3,3,3,10,2,5
06037900602,9,9,4,2,2,3,1
06037900606,9,9,9,4,4,2,5
06037900605,9,9,5,5,10,3,1
06037920013,9,9,9,9,9,1,5
06037300701,6,6,6,6,10,2,3
06037300702,6,6,6,6,1,2,3
06037300600,3,3,6,1,1,3,1
06037300502,1,1,1,1,10,2,7
06037123103,1,1,1,1,7,2,7
06037103101,9,3,3,3,10,3,5
06037106010,9,9,9,9,3,2,5
06037403702,9,9,9,3,3,2,5
06037403408,9,9,9,9,4,2,5
06037408501,4,9,4,4,6,5,2
06037408626,9,5,9,9,3,5,1
06037408402,9,9,3,3,1,3,5
06037431200,4,6,4,3,4,4,1
06037401001,9,9,6,3,4,5,1
06037401102,3,3,3,3,3,1,5
06037401101,9,9,3,1,4,5,1
06037401500,3,3,9,3,4,5,1
06037401203,9,9,9,3,4,3,5
06037401201,9,9,9,3,3,2,5
06037403902,9,3,3,3,3,2,5
06037404100,4,9,4,4,1,5,2
06037274100,1,1,6,5,1,5,1
06037275200,1,1,1,1,4,2,7
06037275400,3,3,3,6,4,3,5
06037275302,9,9,6,6,3,3,3
06037275311,1,1,3,3,3,2,7
06037276000,3,3,6,6,4,3,3
06037276100,7,7,7,1,4,3,6
06037276500,6,6,6,7,10,3,3
06037276400,3,3,6,6,4,3,3
06037276601,9,9,6,6,10,3,3
06037431002,1,1,3,3,4,3,7
06037190901,7,10,10,10,7,3,9
06037480703,7,7,7,6,4,3,6
06037430101,3,1,1,1,4,3,7
06037480011,1,1,1,1,1,1,7
06037400206,9,9,9,6,4,3,5
06037400302,9,9,9,9,3,2,5
06037481202,3,3,3,1,6,3,5
06037502602,3,1,4,4,3,5,2
06037502601,3,3,3,3,3,1,5
06037530003,9,3,3,3,4,3,5
06037117303,9,3,3,3,3,2,5
06037115301,9,9,6,6,10,3,3
06037503201,3,3,3,3,4,2,5
06037503302,9,1,1,4,4,3,2
06037540600,2,2,2,2,8,2,8
06037542501,2,2,2,2,3,2,8
06037543000,8,8,8,8,4,2,8
06037543503,9,3,3,3,4,3,5
06037543202,2,2,2,2,1,2,8
06037543400,4,4,4,3,3,2,10
06037543304,9,8,8,8,1,3,8
06037543201,2,2,2,8,10,3,8
06037203720,4,4,4,4,4,1,10
06037204120,4,4,4,4,10,2,10
06037204200,10,4,10,10,10,3,9
06037204600,4,4,4,4,10,2,10
06037203900,4,4,4,4,10,2,10
06037204700,4,4,4,4,10,2,10
06037204820,4,4,4,4,10,2,10
06037204910,4,4,4,4,10,2,10
06037205110,10,4,4,10,10,3,9
06037204810,4,4,4,4,10,2,10
06037124102,1,1,1,10,1,3,7
06037217200,8,8,8,8,10,2,8
06037217100,8,8,8,8,10,2,8
06037218210,8,8,8,10,10,2,8
06037218110,8,10,10,10,10,2,9
06037218120,8,10,10,10,10,2,9
06037188100,1,1,1,1,7,2,7
06037218300,8,8,8,8,8,1,8
06037218600,8,8,8,8,4,2,8
06037218220,8,8,8,8,8,1,8
06037218400,8,8,8,2,10,3,8
06037218500,8,8,8,8,10,2,8
06037218800,8,8,2,2,10,3,8
06037219500,3,8,8,8,10,3,8
06037219300,8,8,8,2,10,3,8
06037220000,8,8,8,8,10,2,8
06037554103,1,1,1,10,4,3,7
06037552301,4,9,4,4,3,5,2
06037433102,4,4,4,4,6,2,10
06037800328,9,9,9,9,9,1,5
06037800204,9,9,6,6,9,3,3
06037900607,9,9,9,4,2,3,5
06037900704,9,9,1,10,10,3,1
06037900703,9,9,1,1,4,3,7
06037900701,9,9,3,4,9,5,1
06037900705,9,9,1,5,9,5,1
06037900804,9,9,4,4,4,2,10
06037900806,3,3,3,10,9,3,5
06037900900,5,5,9,3,10,5,4
06037901003,9,9,9,3,9,3,5
06037920036,9,9,9,3,5,3,5
06037920029,9,9,9,9,9,1,5
06037920020,9,9,9,9,9,1,5
06037103400,3,3,3,3,6,2,5
06037104105,4,2,10,4,6,4,2
06037104201,8,4,4,4,6,3,10
06037104310,4,4,4,4,9,2,10
06037104701,2,4,2,10,9,4,8
06037530006,1,1,9,1,3,5,7
06037482701,3,3,3,3,3,1,5
06037481500,3,3,3,3,3,1,5
06037481604,1,1,1,1,3,2,7
06037481402,3,3,3,3,3,1,5
06037481603,1,1,1,1,9,2,7
06037481713,1,1,10,1,3,5,7
06037480500,6,6,6,6,1,2,3
06037408624,9,9,9,9,3,2,5
06037128500,1,7,7,7,3,3,2
06037430803,3,3,6,6,4,3,3
06037400205,9,9,9,6,1,3,5
06037408303,9,9,9,3,1,3,5
06037408625,9,9,9,3,1,3,5
06037408627,9,5,9,9,3,5,1
06037404402,4,4,4,3,3,2,10
06037400402,9,9,3,3,10,3,5
06037401311,3,9,9,9,4,3,1
06037401902,6,7,7,7,9,3,2
06037401901,7,7,7,7,9,2,6
06037401800,9,9,6,6,9,3,3
06037401703,9,1,1,1,9,3,7
06037277000,6,3,6,6,4,5,4
06037277100,9,3,3,3,3,2,5
06037143500,3,7,7,7,3,3,2
06037143700,6,6,6,6,3,2,3
06037141600,6,6,6,6,10,2,3
06037143800,6,6,6,6,1,2,3
06037143902,6,7,6,6,10,5,4
06037143901,6,6,6,6,3,2,3
06037181500,3,3,3,3,1,2,5
06037181400,3,3,1,1,3,3,7
06037183620,1,4,4,1,7,5,2
06037183300,3,3,3,3,7,2,5
06037183510,4,4,4,3,6,3,10
06037183610,1,4,4,10,7,5,2
06037183520,4,4,4,10,6,3,10
06037183810,10,10,10,10,7,2,9
06037430302,3,3,3,3,4,2,5
06037430723,7,7,7,7,4,2,6
06037431100,2,4,4,4,4,2,10
06037533603,4,4,4,4,4,1,10
06037534101,4,4,4,4,3,2,10
